,Time,head,Text,type,src,,,,
1,"Thursday, August 31, 2023 at 3:38:34 AM GMT+9","Analog Devices, Inc. Invests Over $1 Billion to Expand Semiconductor Wafer Fab in Beaverton, Oregon","To expand its semiconductor wafer production plant in Beaverton, Oregon, Analog Devices, Inc. (ADI), a well-known global leader in the semiconductor industry, has made a significant investment of more than $1 billion. This action demonstrates ADI?셲 dedication to essential sectors, including healthcare, consumer electronics, automotive, industrial, and communications. In terms of volume, ADI?셲 largest wafer production plant is its Beaverton location, founded in 1978. :- Read more",$ADI,reddit,,,,
2,"Thursday, August 31, 2023 at 3:38:34 AM GMT+9","Analog Devices, Inc. Invests Over $1 Billion to Expand Semiconductor Wafer Fab in Beaverton, Oregon",Isn't ADI at the same time planning to close the Massachusetts fab and move that volume to Ireland? Interesting mix of investment for them right now.,$ADI,reddit,,,,
3,"Thursday, August 31, 2023 at 3:38:34 AM GMT+9","Analog Devices, Inc. Invests Over $1 Billion to Expand Semiconductor Wafer Fab in Beaverton, Oregon",SAMU ??,$ADI,reddit,,,,
4,"Thursday, August 31, 2023 at 3:38:34 AM GMT+9","Analog Devices, Inc. Invests Over $1 Billion to Expand Semiconductor Wafer Fab in Beaverton, Oregon",Any idea what processes ADI runs in its fabs?,$ADI,reddit,,,,
5,"Thursday, August 31, 2023 at 3:38:34 AM GMT+9","Analog Devices, Inc. Invests Over $1 Billion to Expand Semiconductor Wafer Fab in Beaverton, Oregon",,$ADI,reddit,,,,
6,"Thursday, August 31, 2023 at 3:38:34 AM GMT+9","Analog Devices, Inc. Invests Over $1 Billion to Expand Semiconductor Wafer Fab in Beaverton, Oregon",,$ADI,reddit,,,,
7,"Thursday, August 31, 2023 at 3:38:34 AM GMT+9","Analog Devices, Inc. Invests Over $1 Billion to Expand Semiconductor Wafer Fab in Beaverton, Oregon",,$ADI,reddit,,,,
8,"Thursday, August 31, 2023 at 3:38:34 AM GMT+9","Analog Devices, Inc. Invests Over $1 Billion to Expand Semiconductor Wafer Fab in Beaverton, Oregon",,$ADI,reddit,,,,
9,"Thursday, August 31, 2023 at 3:38:34 AM GMT+9","Analog Devices, Inc. Invests Over $1 Billion to Expand Semiconductor Wafer Fab in Beaverton, Oregon",,$ADI,reddit,,,,
10,"Thursday, August 31, 2023 at 3:38:34 AM GMT+9","Analog Devices, Inc. Invests Over $1 Billion to Expand Semiconductor Wafer Fab in Beaverton, Oregon",,$ADI,reddit,,,,
11,"Thursday, August 31, 2023 at 3:38:34 AM GMT+9","Analog Devices, Inc. Invests Over $1 Billion to Expand Semiconductor Wafer Fab in Beaverton, Oregon",,$ADI,reddit,,,,
12,"Thursday, August 31, 2023 at 3:38:34 AM GMT+9","Analog Devices, Inc. Invests Over $1 Billion to Expand Semiconductor Wafer Fab in Beaverton, Oregon",,$ADI,reddit,,,,
13,"Thursday, August 31, 2023 at 3:38:34 AM GMT+9","Analog Devices, Inc. Invests Over $1 Billion to Expand Semiconductor Wafer Fab in Beaverton, Oregon",,$ADI,reddit,,,,
14,"Thursday, August 31, 2023 at 3:38:34 AM GMT+9","Analog Devices, Inc. Invests Over $1 Billion to Expand Semiconductor Wafer Fab in Beaverton, Oregon",,$ADI,reddit,,,,
,,,,$ADI,reddit,,,,
,,,,$ADI,reddit,,,,
,,,,$ADI,reddit,,,,
,,,,$ADI,reddit,,,,
,,,,$ADI,reddit,,,,
,,,,$ADI,reddit,,,,
,,,,$ADI,reddit,,,,
,,,,$ADI,reddit,,,,
,,,,$ADI,reddit,,,,
,,,,$ADI,reddit,,,,
,,,,$ADI,reddit,,,,
,,,,$ADI,reddit,,,,
,,,,$ADI,reddit,,,,
,,,,$ADI,reddit,,,,
,,,,$ADI,reddit,,,,
,,,,$ADI,reddit,,,,
,,,,$ADI,reddit,,,,
,,,,$ADI,reddit,,,,
,,,,$ADI,reddit,,,,
,,,,$ADI,reddit,,,,
,,,,$ADI,reddit,,,,
,,,,$ADI,reddit,,,,
,,,,$ADI,reddit,,,,
,,,,$ADI,reddit,,,,
,,,,$ADI,reddit,,,,
,,,,$ADI,reddit,,,,
,,,,$ADI,reddit,,,,
,,,,$ADI,reddit,,,,
,,,,$ADI,reddit,,,,
,,,,$ADI,reddit,,,,
,,,,$ADI,reddit,,,,
,,,,$ADI,reddit,,,,
,,,,$ADI,reddit,,,,
,,,,$ADI,reddit,,,,
,,,,$ADI,reddit,,,,
,,,,$ADI,reddit,,,,
,,,,$ADI,reddit,,,,
,,,,$ADI,reddit,,,,
,,,,$ADI,reddit,,,,
,,,,$ADI,reddit,,,,
,,,,$ADI,reddit,,,,
,,,,$ADI,reddit,,,,
,,,,$ADI,reddit,,,,
,,,,$ADI,reddit,,,,
,,,,$ADI,reddit,,,,
,,,,$ADI,reddit,,,,
,,,,$ADI,reddit,,,,
,,,,$ADI,reddit,,,,
,,,,$ADI,reddit,,,,
,,,,$ADI,reddit,,,,
,,,,$ADI,reddit,,,,
,,,,$ADI,reddit,,,,
,,,,$ADI,reddit,,,,
,,,,$ADI,reddit,,,,
,,,,$ADI,reddit,,,,
,,,,$ADI,reddit,,,,
,,,,$ADI,reddit,,,,
,,,,$ADI,reddit,,,,
,,,,$ADI,reddit,,,,
,,,,$ADI,reddit,,,,
,,,,$ADI,reddit,,,,
,,,,$ADI,reddit,,,,
,,,,$ADI,reddit,,,,
,,,,$ADI,reddit,,,,
,,,,$ADI,reddit,,,,
,,,,$ADI,reddit,,,,
,,,,$ADI,reddit,,,,
,,,,$ADI,reddit,,,,
,,,,$ADI,reddit,,,,
,,,,$ADI,reddit,,,,
,,,,$ADI,reddit,,,,
,,,,$ADI,reddit,,,,
,,,,$ADI,reddit,,,,
,,,,$ADI,reddit,,,,
,,,,$ADI,reddit,,,,
,,,,$ADI,reddit,,,,
,,,,$ADI,reddit,,,,
,,,,$ADI,reddit,,,,
,,,,$ADI,reddit,,,,
,,,,$ADI,reddit,,,,
,,,,$ADI,reddit,,,,
,,,,$ADI,reddit,,,,
,,,,$ADI,reddit,,,,
,,,,$ADI,reddit,,,,
,,,,$ADI,reddit,,,,
,,,,$ADI,reddit,,,,
,,,,$ADI,reddit,,,,
,,,,$ADI,reddit,,,,
,,,,$ADI,reddit,,,,
,,,,$ADI,reddit,,,,
,,,,$ADI,reddit,,,,
,,,,$ADI,reddit,,,,
,,,,$ADI,reddit,,,,
,,,,$ADI,reddit,,,,
,,,,$ADI,reddit,,,,
,,,,$ADI,reddit,,,,
,,,,$ADI,reddit,,,,
,,,,$ADI,reddit,,,,
,,,,$ADI,reddit,,,,
,,,,$ADI,reddit,,,,
,,,,$ADI,reddit,,,,
,,,,$ADI,reddit,,,,
,,,,$ADI,reddit,,,,
,,,,$ADI,reddit,,,,
,,,,$ADI,reddit,,,,
,,,,$ADI,reddit,,,,
,,,,$ADI,reddit,,,,
,,,,$ADI,reddit,,,,
,,,,$ADI,reddit,,,,
,,,,$ADI,reddit,,,,
,,,,$ADI,reddit,,,,
,,,,$ADI,reddit,,,,
,,,,$ADI,reddit,,,,
,,,,$ADI,reddit,,,,
,,,,$ADI,reddit,,,,
,,,,$ADI,reddit,,,,
,,,,$ADI,reddit,,,,
,,,,$ADI,reddit,,,,
,,,,$ADI,reddit,,,,
,,,,$ADI,reddit,,,,
,,,,$ADI,reddit,,,,
,,,,$ADI,reddit,,,,
,,,,$ADI,reddit,,,,
,,,,$ADI,reddit,,,,
,,,,$ADI,reddit,,,,
,,,,$ADI,reddit,,,,
,,,,$ADI,reddit,,,,
,,,,$ADI,reddit,,,,
,,,,$ADI,reddit,,,,
,,,,$ADI,reddit,,,,
,,,,$ADI,reddit,,,,
,,,,$ADI,reddit,,,,
,,,,$ADI,reddit,,,,
,,,,$ADI,reddit,,,,
,,,,$ADI,reddit,,,,
,,,,$ADI,reddit,,,,
,,,,$ADI,reddit,,,,
,,,,$ADI,reddit,,,,
,,,,$ADI,reddit,,,,
,,,,$ADI,reddit,,,,
,,,,$ADI,reddit,,,,
,,,,$ADI,reddit,,,,
,,,,$ADI,reddit,,,,
,,,,$ADI,reddit,,,,
,,,,$ADI,reddit,,,,
,,,,$ADI,reddit,,,,
,,,,$ADI,reddit,,,,
,,,,$ADI,reddit,,,,
,,,,$ADI,reddit,,,,
,,,,$ADI,reddit,,,,
,,,,$ADI,reddit,,,,
,,,,$ADI,reddit,,,,
,,,,$ADI,reddit,,,,
,,,,$ADI,reddit,,,,
,,,,$ADI,reddit,,,,
,,,,$ADI,reddit,,,,
,,,,$ADI,reddit,,,,
,,,,$ADI,reddit,,,,
,,,,$ADI,reddit,,,,
,,,,$ADI,reddit,,,,
,,,,$ADI,reddit,,,,
,,,,$ADI,reddit,,,,
,,,,$ADI,reddit,,,,
,,,,$ADI,reddit,,,,
,,,,$ADI,reddit,,,,
,,,,$ADI,reddit,,,,
,,,,$ADI,reddit,,,,
,,,,$ADI,reddit,,,,
,,,,$ADI,reddit,,,,
,,,,$ADI,reddit,,,,
,,,,$ADI,reddit,,,,
,,,,$ADI,reddit,,,,
,,,,$ADI,reddit,,,,
,,,,$ADI,reddit,,,,
,,,,$ADI,reddit,,,,
,,,,$ADI,reddit,,,,
,,,,$ADI,reddit,,,,
,,,,$ADI,reddit,,,,
,,,,$ADI,reddit,,,,
,,,,$ADI,reddit,,,,
,,,,$ADI,reddit,,,,
,,,,$ADI,reddit,,,,
,,,,$ADI,reddit,,,,
,,,,$ADI,reddit,,,,
,,,,$ADI,reddit,,,,
,,,,$ADI,reddit,,,,
,,,,$ADI,reddit,,,,
,,,,$ADI,reddit,,,,
,,,,$ADI,reddit,,,,
,,,,$ADI,reddit,,,,
,,,,$ADI,reddit,,,,
,,,,$ADI,reddit,,,,
,,,,$ADI,reddit,,,,
,,,,$ADI,reddit,,,,
,,,,$ADI,reddit,,,,
,,,,$ADI,reddit,,,,
,,,,$ADI,reddit,,,,
,,,,$ADI,reddit,,,,
,,,,$ADI,reddit,,,,
,,,,$ADI,reddit,,,,
,,,,$ADI,reddit,,,,
,,,,$ADI,reddit,,,,
,,,,$ADI,reddit,,,,
,,,,$ADI,reddit,,,,
,,,,$ADI,reddit,,,,
,,,,$ADI,reddit,,,,
,,,,$ADI,reddit,,,,
,,,,$ADI,reddit,,,,
,,,,$ADI,reddit,,,,
,,,,$ADI,reddit,,,,
,,,,$ADI,reddit,,,,
,,,,$ADI,reddit,,,,
,,,,$ADI,reddit,,,,
,,,,$ADI,reddit,,,,
,,,,$ADI,reddit,,,,
,,,,$ADI,reddit,,,,
,,,,$ADI,reddit,,,,
,,,,$ADI,reddit,,,,
,,,,$ADI,reddit,,,,
,,,,$ADI,reddit,,,,
,,,,$ADI,reddit,,,,
,,,,$ADI,reddit,,,,
,,,,$ADI,reddit,,,,
,,,,$ADI,reddit,,,,
,,,,$ADI,reddit,,,,
,,,,$ADI,reddit,,,,
,,,,$ADI,reddit,,,,
,,,,$ADI,reddit,,,,
,,,,$ADI,reddit,,,,
,,,,$ADI,reddit,,,,
,,,,$ADI,reddit,,,,
,,,,$ADI,reddit,,,,
,,,,$ADI,reddit,,,,
,,,,$ADI,reddit,,,,
,,,,$ADI,reddit,,,,
,,,,$ADI,reddit,,,,
,,,,$ADI,reddit,,,,
,,,,$ADI,reddit,,,,
,,,,$ADI,reddit,,,,
,,,,$ADI,reddit,,,,
,,,,$ADI,reddit,,,,
,,,,$ADI,reddit,,,,
,,,,$ADI,reddit,,,,
,,,,$ADI,reddit,,,,
,,,,$ADI,reddit,,,,
,,,,$ADI,reddit,,,,
,,,,$ADI,reddit,,,,
,,,,$ADI,reddit,,,,
,,,,$ADI,reddit,,,,
,,,,$ADI,reddit,,,,
,,,,$ADI,reddit,,,,
,,,,$ADI,reddit,,,,
,,,,$ADI,reddit,,,,
,,,,$ADI,reddit,,,,
,,,,$ADI,reddit,,,,
,,,,$ADI,reddit,,,,
,,,,$ADI,reddit,,,,
,,,,$ADI,reddit,,,,
,,,,$ADI,reddit,,,,
,,,,$ADI,reddit,,,,
,,,,$ADI,reddit,,,,
,,,,$ADI,reddit,,,,
,,,,$ADI,reddit,,,,
,,,,$ADI,reddit,,,,
,,,,$ADI,reddit,,,,
,,,,$ADI,reddit,,,,
,,,,$ADI,reddit,,,,
,,,,$ADI,reddit,,,,
,,,,$ADI,reddit,,,,
,,,,$ADI,reddit,,,,
,,,,$ADI,reddit,,,,
,,,,$ADI,reddit,,,,
,,,,$ADI,reddit,,,,
,,,,$ADI,reddit,,,,
,,,,$ADI,reddit,,,,
,,,,$ADI,reddit,,,,
,,,,$ADI,reddit,,,,
,,,,$ADI,reddit,,,,
,,,,$ADI,reddit,,,,
,,,,$ADI,reddit,,,,
,,,,$ADI,reddit,,,,
,,,,$ADI,reddit,,,,
,,,,$ADI,reddit,,,,
,,,,$ADI,reddit,,,,
,,,,$ADI,reddit,,,,
,,,,$ADI,reddit,,,,
,,,,$ADI,reddit,,,,
,,,,$ADI,reddit,,,,
,,,,$ADI,reddit,,,,
,,,,$ADI,reddit,,,,
,,,,$ADI,reddit,,,,
,,,,$ADI,reddit,,,,
,,,,$ADI,reddit,,,,
,,,,$ADI,reddit,,,,
,,,,$ADI,reddit,,,,
,,,,$ADI,reddit,,,,
,,,,$ADI,reddit,,,,
,,,,$ADI,reddit,,,,
,,,,$ADI,reddit,,,,
,,,,$ADI,reddit,,,,
,,,,$ADI,reddit,,,,
,,,,$ADI,reddit,,,,
,,,,$ADI,reddit,,,,
,,,,$ADI,reddit,,,,
,,,,$ADI,reddit,,,,
,,,,$ADI,reddit,,,,
,,,,$ADI,reddit,,,,
,,,,$ADI,reddit,,,,
,,,,$ADI,reddit,,,,
,,,,$ADI,reddit,,,,
,,,,$ADI,reddit,,,,
,,,,$ADI,reddit,,,,
,,,,$ADI,reddit,,,,
,,,,$ADI,reddit,,,,
,,,,$ADI,reddit,,,,
,,,,$ADI,reddit,,,,
,,,,$ADI,reddit,,,,
,,,,$ADI,reddit,,,,
,,,,$ADI,reddit,,,,
,,,,$ADI,reddit,,,,
,,,,$ADI,reddit,,,,
,,,,$ADI,reddit,,,,
,,,,$ADI,reddit,,,,
,,,,$ADI,reddit,,,,
,,,,$ADI,reddit,,,,
,,,,$ADI,reddit,,,,
,,,,$ADI,reddit,,,,
,,,,$ADI,reddit,,,,
,,,,$ADI,reddit,,,,
,,,,$ADI,reddit,,,,
,,,,$ADI,reddit,,,,
,,,,$ADI,reddit,,,,
,,,,$ADI,reddit,,,,
,,,,$ADI,reddit,,,,
,,,,$ADI,reddit,,,,
,,,,$ADI,reddit,,,,
,,,,$ADI,reddit,,,,
,,,,$ADI,reddit,,,,
,,,,$ADI,reddit,,,,
,,,,$ADI,reddit,,,,
,,,,$ADI,reddit,,,,
,,,,$ADI,reddit,,,,
,,,,$ADI,reddit,,,,
,,,,$ADI,reddit,,,,
,,,,$ADI,reddit,,,,
,,,,$ADI,reddit,,,,
,,,,$ADI,reddit,,,,
,,,,$ADI,reddit,,,,
,,,,$ADI,reddit,,,,
,,,,$ADI,reddit,,,,
,,,,$ADI,reddit,,,,
,,,,reddit,,,,,
,,,,$ADI,reddit,,,,
,,,,$ADI,reddit,,,,
,,,,$ADI,reddit,,,,
,,,,$ADI,reddit,,,,
,,,,$ADI,reddit,,,,
,,,,$ADI,reddit,,,,
,,,,$ADI,reddit,,,,
,,,,$ADI,reddit,,,,
,,,,$ADI,reddit,,,,
,,,,$ADI,reddit,,,,
,,,,$ADI,reddit,,,,
,,,,$ADI,reddit,,,,
,,,,$ADI,reddit,,,,
,,,,$ADI,reddit,,,,
,,,,$ADI,reddit,,,,
,,,,$ADI,reddit,,,,
,,,,$ADI,reddit,,,,
,,,,$ADI,reddit,,,,
,,,,$ADI,reddit,,,,
,,,,$ADI,reddit,,,,
,,,,$ADI,reddit,,,,
,,,,$ADI,reddit,,,,
,,,,$ADI,reddit,,,,
,,,,$ADI,reddit,,,,
,,,,$ADI,reddit,,,,
,,,,$ADI,reddit,,,,
,,,,$ADI,reddit,,,,
,,,,$ADI,reddit,,,,
,,,,$ADI,reddit,,,,
,,,,$ADI,reddit,,,,
,,,,$ADI,reddit,,,,
,,,,$ADI,reddit,,,,
,,,,$ADI,reddit,,,,
,,,,$ADI,reddit,,,,
,,,,$ADI,reddit,,,,
,,,,$ADI,reddit,,,,
,,,,$ADI,reddit,,,,
,,,,$ADI,reddit,,,,
,,,,$ADI,reddit,,,,
,,,,$ADI,reddit,,,,
,,,,$ADI,reddit,,,,
,,,,$ADI,reddit,,,,
,,,,$ADI,reddit,,,,
,,,,$ADI,reddit,,,,
,,,,$ADI,reddit,,,,
,,,,$ADI,reddit,,,,
,,,,$ADI,reddit,,,,
,,,,$ADI,reddit,,,,
,,,,$ADI,reddit,,,,
,,,,$ADI,reddit,,,,
,,,,$ADI,reddit,,,,
,,,,$ADI,reddit,,,,
,,,,$ADI,reddit,,,,
,,,,$ADI,reddit,,,,
,,,,$ADI,reddit,,,,
,,,,$ADI,reddit,,,,
,,,,$ADI,reddit,,,,
,,,,$ADI,reddit,,,,
,,,,$ADI,reddit,,,,
,,,,$ADI,reddit,,,,
,,,,$ADI,reddit,,,,
,,,,$ADI,reddit,,,,
,,,,$ADI,reddit,,,,
,,,,$ADI,reddit,,,,
,,,,$ADI,reddit,,,,
,,,,$ADI,reddit,,,,
,,,,$ADI,reddit,,,,
,,,,$ADI,reddit,,,,
,,,, April 4," 2024 at 8:52:53 PM GMT+9""","AITX Announces Formation of New Subsidiary, Robotic Assistance Devices Residential, Inc.",Great idea Steve let?셲 just keep spending money and going in 10 different directions before becoming profitable. How far we moving the goal post this time? I see dilution never stopping,$ADI,reddit
,,,,$ADI,reddit,,,,
,,,,$ADI,reddit,,,,
,,,,$ADI,reddit,,,,
,,,,$ADI,reddit,,,,
,,,,$ADI,reddit,,,,
,,,,$ADI,reddit,,,,
,,,,$ADI,reddit,,,,
,,,,$ADI,reddit,,,,
,,,,$ADI,reddit,,,,
,,,,$ADI,reddit,,,,
,,,,$ADI,reddit,,,,
,,,,$ADI,reddit,,,,
,,,,$ADI,reddit,,,,
,,,,$ADI,reddit,,,,
,,,,$ADI,reddit,,,,
,,,,$ADI,reddit,,,,
,,,,$ADI,reddit,,,,
,,,,$ADI,reddit,,,,
,,,,$ADI,reddit,,,,
,,,,$ADI,reddit,,,,
,,,,$ADI,reddit,,,,
,,,,$ADI,reddit,,,,
,,,,$ADI,reddit,,,,
,,,,$ADI,reddit,,,,
,,,,$ADI,reddit,,,,
,,,,$ADI,reddit,,,,
,,,,$ADI,reddit,,,,
,,,,$ADI,reddit,,,,
,,,,$ADI,reddit,,,,
,,,,$ADI,reddit,,,,
,,,,$ADI,reddit,,,,
,,,,$ADI,reddit,,,,
,,,,$ADI,reddit,,,,
,,,,$ADI,reddit,,,,
,,,,$ADI,reddit,,,,
,,,,$ADI,reddit,,,,
,,,,$ADI,reddit,,,,
,,,,$ADI,reddit,,,,
,,,,$ADI,reddit,,,,
,,,,$ADI,reddit,,,,
,,,,$ADI,reddit,,,,
,,,,$ADI,reddit,,,,
,,,,$ADI,reddit,,,,
,,,,$ADI,reddit,,,,
,,,,$ADI,reddit,,,,
,,,,$ADI,reddit,,,,
,,,,$ADI,reddit,,,,
,,,,$ADI,reddit,,,,
,,,,$ADI,reddit,,,,
,,,,$ADI,reddit,,,,
,,,,$ADI,reddit,,,,
,,,,$ADI,reddit,,,,
,,,,$ADI,reddit,,,,
,,,,$ADI,reddit,,,,
,,,,$ADI,reddit,,,,
,,,,$ADI,reddit,,,,
,,,,$ADI,reddit,,,,
,,,,$ADI,reddit,,,,
,,,,$ADI,reddit,,,,
,,,,$ADI,reddit,,,,
,,,,$ADI,reddit,,,,
,,,,$ADI,reddit,,,,
,,,,$ADI,reddit,,,,
,,,,$ADI,reddit,,,,
,,,,$ADI,reddit,,,,
,,,,$ADI,reddit,,,,
,,,,$ADI,reddit,,,,
,,,,$ADI,reddit,,,,
,,,,$ADI,reddit,,,,
,,,,$ADI,reddit,,,,
,,,,$ADI,reddit,,,,
,,,,$ADI,reddit,,,,
,,,,$ADI,reddit,,,,
,,,,$ADI,reddit,,,,
,,,,$ADI,reddit,,,,
,,,,$ADI,reddit,,,,
,,,,$ADI,reddit,,,,
,,,,$ADI,reddit,,,,
,,,,$ADI,reddit,,,,
,,,,$ADI,reddit,,,,
,,,,$ADI,reddit,,,,
,,,,$ADI,reddit,,,,
,,,,$ADI,reddit,,,,
,,,,$ADI,reddit,,,,
,,,,$ADI,reddit,,,,
,,,,$ADI,reddit,,,,
,,,,$ADI,reddit,,,,
,,,,$ADI,reddit,,,,
,,,,$ADI,reddit,,,,
,,,,$ADI,reddit,,,,
,,,,$ADI,reddit,,,,
,,,,$ADI,reddit,,,,
,,,,$ADI,reddit,,,,
,,,,$ADI,reddit,,,,
,,,,$ADI,reddit,,,,
,,,,$ADI,reddit,,,,
,,,,$ADI,reddit,,,,
,,,,$ADI,reddit,,,,
,,,,$ADI,reddit,,,,
,,,,$ADI,reddit,,,,
,,,,$ADI,reddit,,,,
,,,,$ADI,reddit,,,,
,,,,$ADI,reddit,,,,
,,,,$ADI,reddit,,,,
,,,,$ADI,reddit,,,,
,,,,$ADI,reddit,,,,
,,,,$ADI,reddit,,,,
,,,,$ADI,reddit,,,,
,,,,$ADI,reddit,,,,
,,,,$ADI,reddit,,,,
,,,,$ADI,reddit,,,,
,,,,$ADI,reddit,,,,
,,,,$ADI,reddit,,,,
,,,,$ADI,reddit,,,,
,,,,$ADI,reddit,,,,
,,,,$ADI,reddit,,,,
,,,,$ADI,reddit,,,,
,,,,$ADI,reddit,,,,
,,,,$ADI,reddit,,,,
,,,,$ADI,reddit,,,,
,,,,$ADI,reddit,,,,
,,,,$ADI,reddit,,,,
,,,,$ADI,reddit,,,,
,,,,$ADI,reddit,,,,
,,,,$ADI,reddit,,,,
,,,,$ADI,reddit,,,,
,,,,$ADI,reddit,,,,
,,,,$ADI,reddit,,,,
,,,,$ADI,reddit,,,,
,,,,$ADI,reddit,,,,
,,,,$ADI,reddit,,,,
,,,,$ADI,reddit,,,,
,,,,$ADI,reddit,,,,
,,,,$ADI,reddit,,,,
,,,,$ADI,reddit,,,,
,,,,$ADI,reddit,,,,
,,,,$ADI,reddit,,,,
,,,,$ADI,reddit,,,,
,,,,$ADI,reddit,,,,
,,,,$ADI,reddit,,,,
,,,,$ADI,reddit,,,,
,,,,$ADI,reddit,,,,
,,,,$ADI,reddit,,,,
,,,,$ADI,reddit,,,,
,,,,$ADI,reddit,,,,
,,,,$ADI,reddit,,,,
,,,,$ADI,reddit,,,,
,,,,$ADI,reddit,,,,
,,,,$ADI,reddit,,,,
,,,,$ADI,reddit,,,,
,,,,$ADI,reddit,,,,
,,,,$ADI,reddit,,,,
,,,,$ADI,reddit,,,,
,,,,$ADI,reddit,,,,
,,,,$ADI,reddit,,,,
,,,,$ADI,reddit,,,,
,,,,$ADI,reddit,,,,
,,,,$ADI,reddit,,,,
,,,,$ADI,reddit,,,,
,,,,$ADI,reddit,,,,
,,,,$ADI,reddit,,,,
,,,,$ADI,reddit,,,,
,,,,$ADI,reddit,,,,
,,,,$ADI,reddit,,,,
,,,,$ADI,reddit,,,,
,,,,$ADI,reddit,,,,
,,,,$ADI,reddit,,,,
,,,,$ADI,reddit,,,,
,,,,$ADI,reddit,,,,
,,,,reddit,,,,,
,,,,$ADI,reddit,,,,
,,,,$ADI,reddit,,,,
,,,,$ADI,reddit,,,,
,,,,$ADI,reddit,,,,
,,,,$ADI,reddit,,,,
,,,,$ADI,reddit,,,,
,,,,$ADI,reddit,,,,
,,,,$ADI,reddit,,,,
,,,,$ADI,reddit,,,,
,,,,$ADI,reddit,,,,
,,,,$ADI,reddit,,,,
,,,,$ADI,reddit,,,,
,,,,$ADI,reddit,,,,
,,,,$ADI,reddit,,,,
,,,,$ADI,reddit,,,,
,,,,$ADI,reddit,,,,
,,,,$ADI,reddit,,,,
,,,,$ADI,reddit,,,,
,,,,$ADI,reddit,,,,
,,,,$ADI,reddit,,,,
,,,,$ADI,reddit,,,,
,,,,$ADI,reddit,,,,
,,,,$ADI,reddit,,,,
,,,,$ADI,reddit,,,,
,,,,$ADI,reddit,,,,
,,,,$ADI,reddit,,,,
,,,,$ADI,reddit,,,,
,,,,$ADI,reddit,,,,
,,,,$ADI,reddit,,,,
,,,,$ADI,reddit,,,,
,,,,$ADI,reddit,,,,
,,,,$ADI,reddit,,,,
,,,,$ADI,reddit,,,,
,,,,$ADI,reddit,,,,
,,,,$ADI,reddit,,,,
,,,,$ADI,reddit,,,,
,,,,$ADI,reddit,,,,
,,,,$ADI,reddit,,,,
,,,,$ADI,reddit,,,,
,,,,$ADI,reddit,,,,
,,,,$ADI,reddit,,,,
,,,,$ADI,reddit,,,,
,,,,$ADI,reddit,,,,
,,,,$ADI,reddit,,,,
,,,,$ADI,reddit,,,,
,,,,$ADI,reddit,,,,
,,,,$ADI,reddit,,,,
,,,,$ADI,reddit,,,,
,,,,$ADI,reddit,,,,
,,,,$ADI,reddit,,,,
,,,,$ADI,reddit,,,,
,,,,$ADI,reddit,,,,
,,,,$ADI,reddit,,,,
,,,,$ADI,reddit,,,,
,,,,$ADI,reddit,,,,
,,,,$ADI,reddit,,,,
,,,,$ADI,reddit,,,,
,,,,$ADI,reddit,,,,
,,,,$ADI,reddit,,,,
,,,,$ADI,reddit,,,,
,,,,$ADI,reddit,,,,
,,,,$ADI,reddit,,,,
,,,,$ADI,reddit,,,,
,,,,$ADI,reddit,,,,
,,,,$ADI,reddit,,,,
,,,,$ADI,reddit,,,,
,,,,$ADI,reddit,,,,
,,,,$ADI,reddit,,,,
,,,,$ADI,reddit,,,,
,,,,$ADI,reddit,,,,
,,,,$ADI,reddit,,,,
,,,,$ADI,reddit,,,,
,,,,$ADI,reddit,,,,
,,,,$ADI,reddit,,,,
,,,,$ADI,reddit,,,,
,,,,$ADI,reddit,,,,
,,,,$ADI,reddit,,,,
,,,,$ADI,reddit,,,,
,,,,$ADI,reddit,,,,
,,,,$ADI,reddit,,,,
,,,,$ADI,reddit,,,,
,,,,$ADI,reddit,,,,
,,,,$ADI,reddit,,,,
,,,,$ADI,reddit,,,,
,,,,$ADI,reddit,,,,
,,,,$ADI,reddit,,,,
,,,,$ADI,reddit,,,,
,,,,$ADI,reddit,,,,
,,,,$ADI,reddit,,,,
,,,,$ADI,reddit,,,,
,,,,$ADI,reddit,,,,
,,,,$ADI,reddit,,,,
,,,,$ADI,reddit,,,,
,,,,$ADI,reddit,,,,
,,,,$ADI,reddit,,,,
,,,,$ADI,reddit,,,,
,,,,$ADI,reddit,,,,
,,,,$ADI,reddit,,,,
,,,,$ADI,reddit,,,,
,,,,$ADI,reddit,,,,
,,,,$ADI,reddit,,,,
,,,,$ADI,reddit,,,,
,,,,$ADI,reddit,,,,
,,,,$ADI,reddit,,,,
,,,,$ADI,reddit,,,,
,,,,$ADI,reddit,,,,
,,,,$ADI,reddit,,,,
,,,,$ADI,reddit,,,,
,,,,$ADI,reddit,,,,
,,,,$ADI,reddit,,,,
,,,,$ADI,reddit,,,,
,,,,$ADI,reddit,,,,
,,,,$ADI,reddit,,,,
,,,,$ADI,reddit,,,,
,,,,$ADI,reddit,,,,
,,,,$ADI,reddit,,,,
,,,,$ADI,reddit,,,,
,,,,$ADI,reddit,,,,
,,,,$ADI,reddit,,,,
,,,,$ADI,reddit,,,,
,,,,$ADI,reddit,,,,
,,,,$ADI,reddit,,,,
,,,,$ADI,reddit,,,,
,,,,$ADI,reddit,,,,
,,,,$ADI,reddit,,,,
,,,,$ADI,reddit,,,,
,,,,$ADI,reddit,,,,
,,,,$ADI,reddit,,,,
,,,,$ADI,reddit,,,,
,,,,$ADI,reddit,,,,
,,,,$ADI,reddit,,,,
,,,,$ADI,reddit,,,,
,,,,$ADI,reddit,,,,
,,,,$ADI,reddit,,,,
,,,,$ADI,reddit,,,,
,,,,$ADI,reddit,,,,
,,,,$ADI,reddit,,,,
,,,,$ADI,reddit,,,,
,,,,$ADI,reddit,,,,
,,,,$ADI,reddit,,,,
,,,,$ADI,reddit,,,,
,,,,$ADI,reddit,,,,
,,,,$ADI,reddit,,,,
,,,,$ADI,reddit,,,,
,,,,$ADI,reddit,,,,
,,,,$ADI,reddit,,,,
,,,,$ADI,reddit,,,,
,,,,$ADI,reddit,,,,
,,,,$ADI,reddit,,,,
,,,,$ADI,reddit,,,,
,,,,$ADI,reddit,,,,
,,,,$ADI,reddit,,,,
,,,,$ADI,reddit,,,,
,,,,$ADI,reddit,,,,
,,,,$ADI,reddit,,,,
,,,,$ADI,reddit,,,,
,,,,$ADI,reddit,,,,
,,,,$ADI,reddit,,,,
,,,,$ADI,reddit,,,,
,,,,$ADI,reddit,,,,
,,,,$ADI,reddit,,,,
,,,,$ADI,reddit,,,,
,,,,$ADI,reddit,,,,
,,,,$ADI,reddit,,,,
,,,,$ADI,reddit,,,,
,,,,$ADI,reddit,,,,
,,,,$ADI,reddit,,,,
,,,,$ADI,reddit,,,,
,,,,$ADI,reddit,,,,
,,,,$ADI,reddit,,,,
,,,,$ADI,reddit,,,,
,,,,$ADI,reddit,,,,
,,,,$ADI,reddit,,,,
,,,,$ADI,reddit,,,,
,,,,$ADI,reddit,,,,
,,,,$ADI,reddit,,,,
,,,,$ADI,reddit,,,,
,,,,$ADI,reddit,,,,
,,,,$ADI,reddit,,,,
,,,,$ADI,reddit,,,,
,,,,$ADI,reddit,,,,
,,,,$ADI,reddit,,,,
,,,,$ADI,reddit,,,,
,,,,$ADI,reddit,,,,
,,,,$ADI,reddit,,,,
,,,,$ADI,reddit,,,,
,,,,$ADI,reddit,,,,
,,,,$ADI,reddit,,,,
,,,,$ADI,reddit,,,,
,,,,$ADI,reddit,,,,
,,,,$ADI,reddit,,,,
,,,,$ADI,reddit,,,,
,,,,$ADI,reddit,,,,
,,,,$ADI,reddit,,,,
,,,,$ADI,reddit,,,,
,,,,$ADI,reddit,,,,
,,,,$ADI,reddit,,,,
,,,,$ADI,reddit,,,,
,,,,$ADI,reddit,,,,
,,,,$ADI,reddit,,,,
,,,,$ADI,reddit,,,,
,,,,$ADI,reddit,,,,
,,,,$ADI,reddit,,,,
,,,,$ADI,reddit,,,,
,,,,$ADI,reddit,,,,
,,,,$ADI,reddit,,,,
,,,,$ADI,reddit,,,,
,,,,$ADI,reddit,,,,
,,,,$ADI,reddit,,,,
,,,,$ADI,reddit,,,,
,,,,$ADI,reddit,,,,
,,,,$ADI,reddit,,,,
,,,,$ADI,reddit,,,,
,,,,$ADI,reddit,,,,
,,,,$ADI,reddit,,,,
,,,,$ADI,reddit,,,,
,,,,$ADI,reddit,,,,
,,,,$ADI,reddit,,,,
,,,,$ADI,reddit,,,,
,,,,$ADI,reddit,,,,
,,,,$ADI,reddit,,,,
,,,,$ADI,reddit,,,,
,,,,$ADI,reddit,,,,
,,,,$ADI,reddit,,,,
,,,,$ADI,reddit,,,,
,,,,$ADI,reddit,,,,
,,,,$ADI,reddit,,,,
,,,,$ADI,reddit,,,,
,,,,$ADI,reddit,,,,
,,,,$ADI,reddit,,,,
,,,,$ADI,reddit,,,,
,,,,$ADI,reddit,,,,
,,,,$ADI,reddit,,,,
,,,,$ADI,reddit,,,,
,,,,$ADI,reddit,,,,
,,,,$ADI,reddit,,,,
,,,,$ADI,reddit,,,,
,,,,$ADI,reddit,,,,
,,,,$ADI,reddit,,,,
,,,,$ADI,reddit,,,,
,,,,$ADI,reddit,,,,
,,,,$ADI,reddit,,,,
,,,,$ADI,reddit,,,,
,,,,$ADI,reddit,,,,
,,,,$ADI,reddit,,,,
,,,,$ADI,reddit,,,,
,,,,$ADI,reddit,,,,
,,,,$ADI,reddit,,,,
,,,,$ADI,reddit,,,,
,,,,$ADI,reddit,,,,
,,,,$ADI,reddit,,,,
,,,,$ADI,reddit,,,,
,,,,$ADI,reddit,,,,
,,,,$ADI,reddit,,,,
,,,,$ADI,reddit,,,,
,,,,$ADI,reddit,,,,
,,,,$ADI,reddit,,,,
,,,,$ADI,reddit,,,,
,,,,$ADI,reddit,,,,
,,,,$ADI,reddit,,,,
,,,,$ADI,reddit,,,,
,,,,$ADI,reddit,,,,
,,,,$ADI,reddit,,,,
,,,,$ADI,reddit,,,,
,,,,$ADI,reddit,,,,
,,,,$ADI,reddit,,,,
,,,,$ADI,reddit,,,,
,,,,$ADI,reddit,,,,
,,,,$ADI,reddit,,,,
,,,,$ADI,reddit,,,,
,,,,$ADI,reddit,,,,
,,,,$ADI,reddit,,,,
,,,,$ADI,reddit,,,,
,,,,$ADI,reddit,,,,
,,,,$ADI,reddit,,,,
,,,,$ADI,reddit,,,,
,,,,$ADI,reddit,,,,
,,,,$ADI,reddit,,,,
,,,,$ADI,reddit,,,,
,,,,$ADI,reddit,,,,
,,,,$ADI,reddit,,,,
,,,,$ADI,reddit,,,,
,,,,$ADI,reddit,,,,
,,,,$ADI,reddit,,,,
,,,,$ADI,reddit,,,,
,,,,$ADI,reddit,,,,
,,,,$ADI,reddit,,,,
,,,,$ADI,reddit,,,,
,,,,$ADI,reddit,,,,
,,,,$ADI,reddit,,,,
,,,,$ADI,reddit,,,,
,,,,$ADI,reddit,,,,
,,,,$ADI,reddit,,,,
,,,,$ADI,reddit,,,,
,,,,$ADI,reddit,,,,
,,,,$ADI,reddit,,,,
,,,,$ADI,reddit,,,,
,,,,$ADI,reddit,,,,
,,,,$ADI,reddit,,,,
,,,,$ADI,reddit,,,,
,,,,$ADI,reddit,,,,
,,,,$ADI,reddit,,,,
,,,,$ADI,reddit,,,,
,,,,$ADI,reddit,,,,
,,,,$ADI,reddit,,,,
,,,,$ADI,reddit,,,,
,,,,$ADI,reddit,,,,
,,,,$ADI,reddit,,,,
,,,,$ADI,reddit,,,,
,,,,$ADI,reddit,,,,
,,,,$ADI,reddit,,,,
,,,,$ADI,reddit,,,,
,,,,$ADI,reddit,,,,
,,,,$ADI,reddit,,,,
,,,,$ADI,reddit,,,,
,,,,$ADI,reddit,,,,
,,,,$ADI,reddit,,,,
,,,,$ADI,reddit,,,,
,,,,$ADI,reddit,,,,
,,,,$ADI,reddit,,,,
,,,,$ADI,reddit,,,,
,,,,$ADI,reddit,,,,
,,,,$ADI,reddit,,,,
,,,,$ADI,reddit,,,,
,,,,$ADI,reddit,,,,
,,,,$ADI,reddit,,,,
,,,,$ADI,reddit,,,,
,,,,$ADI,reddit,,,,
,,,,$ADI,reddit,,,,
,,,,$ADI,reddit,,,,
,,,,$ADI,reddit,,,,
,,,,$ADI,reddit,,,,
,,,,$ADI,reddit,,,,
,,,,$ADI,reddit,,,,
,,,,$ADI,reddit,,,,
,,,,$ADI,reddit,,,,
,,,,$ADI,reddit,,,,
,,,,$ADI,reddit,,,,
,,,,$ADI,reddit,,,,
,,,,$ADI,reddit,,,,
,,,,$ADI,reddit,,,,
,,,,$ADI,reddit,,,,
,,,,$ADI,reddit,,,,
,,,,$ADI,reddit,,,,
,,,,$ADI,reddit,,,,
,,,,$ADI,reddit,,,,
,,,,$ADI,reddit,,,,
,,,,$ADI,reddit,,,,
,,,,$ADI,reddit,,,,
,,,,$ADI,reddit,,,,
,,,,$ADI,reddit,,,,
,,,,$ADI,reddit,,,,
,,,,$ADI,reddit,,,,
,,,,$ADI,reddit,,,,
,,,,$ADI,reddit,,,,
,,,,$ADI,reddit,,,,
,,,,$ADI,reddit,,,,
,,,,$ADI,reddit,,,,
,,,,$ADI,reddit,,,,
,,,,$ADI,reddit,,,,
,,,,$ADI,reddit,,,,
,,,,$ADI,reddit,,,,
,,,,$ADI,reddit,,,,
,,,,$ADI,reddit,,,,
,,,,$ADI,reddit,,,,
,,,,$ADI,reddit,,,,
,,,,$ADI,reddit,,,,
,,,,$ADI,reddit,,,,
,,,,$ADI,reddit,,,,
,,,,$ADI,reddit,,,,
,,,,$ADI,reddit,,,,
,,,,$ADI,reddit,,,,
,,,,$ADI,reddit,,,,
,,,,$ADI,reddit,,,,
,,,,$ADI,reddit,,,,
,,,,$ADI,reddit,,,,
,,,,$ADI,reddit,,,,
,,,,$ADI,reddit,,,,
,,,,$ADI,reddit,,,,
,,,,$ADI,reddit,,,,
,,,,$ADI,reddit,,,,
,,,,$ADI,reddit,,,,
,,,,$ADI,reddit,,,,
,,,,$ADI,reddit,,,,
,,,,$ADI,reddit,,,,
,,,,$ADI,reddit,,,,
,,,,$ADI,reddit,,,,
,,,,$ADI,reddit,,,,
,,,,$ADI,reddit,,,,
,,,,$ADI,reddit,,,,
,,,,$ADI,reddit,,,,
,,,,$ADI,reddit,,,,
,,,,$ADI,reddit,,,,
,,,,$ADI,reddit,,,,
,,,,$ADI,reddit,,,,
,,,,$ADI,reddit,,,,
,,,,$ADI,reddit,,,,
,,,,$ADI,reddit,,,,
,,,,$ADI,reddit,,,,
,,,,$ADI,reddit,,,,
,,,,$ADI,reddit,,,,
,,,,$ADI,reddit,,,,
,,,,$ADI,reddit,,,,
,,,,$ADI,reddit,,,,
,,,,$ADI,reddit,,,,
,,,,$ADI,reddit,,,,
,,,,$ADI,reddit,,,,
,,,,$ADI,reddit,,,,
,,,,$ADI,reddit,,,,
,,,,$ADI,reddit,,,,
,,,,$ADI,reddit,,,,
,,,,$ADI,reddit,,,,
,,,,$ADI,reddit,,,,
,,,,$ADI,reddit,,,,
,,,,$ADI,reddit,,,,
,,,,$ADI,reddit,,,,
,,,,$ADI,reddit,,,,
,,,,$ADI,reddit,,,,
,,,,$ADI,reddit,,,,
,,,,$ADI,reddit,,,,
,,,,$ADI,reddit,,,,
,,,,$ADI,reddit,,,,
,,,,$ADI,reddit,,,,
,,,,$ADI,reddit,,,,
,,,,$ADI,reddit,,,,
,,,,$ADI,reddit,,,,
,,,,$ADI,reddit,,,,
,,,,reddit,,,,,
,,,,$ADI,reddit,,,,
,,,,$ADI,reddit,,,,
,,,,$ADI,reddit,,,,
,,,,$ADI,reddit,,,,
,,,,$ADI,reddit,,,,
,,,,$ADI,reddit,,,,
,,,,$ADI,reddit,,,,
,,,,$ADI,reddit,,,,
,,,,$ADI,reddit,,,,
,,,,$ADI,reddit,,,,
,,,,$ADI,reddit,,,,
,,,,$ADI,reddit,,,,
,,,,$ADI,reddit,,,,
,,,,$ADI,reddit,,,,
,,,,$ADI,reddit,,,,
,,,,$ADI,reddit,,,,
,,,,$ADI,reddit,,,,
,,,,$ADI,reddit,,,,
,,,,$ADI,reddit,,,,
,,,,$ADI,reddit,,,,
,,,,$ADI,reddit,,,,
,,,,$ADI,reddit,,,,
,,,,$ADI,reddit,,,,
,,,,$ADI,reddit,,,,
,,,,$ADI,reddit,,,,
,,,,$ADI,reddit,,,,
,,,,$ADI,reddit,,,,
,,,,$ADI,reddit,,,,
,,,,$ADI,reddit,,,,
,,,,$ADI,reddit,,,,
,,,,$ADI,reddit,,,,
,,,,$ADI,reddit,,,,
,,,,$ADI,reddit,,,,
,,,,$ADI,reddit,,,,
,,,,$ADI,reddit,,,,
,,,,$ADI,reddit,,,,
,,,,$ADI,reddit,,,,
,,,,$ADI,reddit,,,,
,,,,$ADI,reddit,,,,
,,,,$ADI,reddit,,,,
,,,,$ADI,reddit,,,,
,,,,$ADI,reddit,,,,
,,,,$ADI,reddit,,,,
,,,,$ADI,reddit,,,,
,,,,$ADI,reddit,,,,
,,,,$ADI,reddit,,,,
,,,,$ADI,reddit,,,,
,,,,$ADI,reddit,,,,
,,,,$ADI,reddit,,,,
,,,,$ADI,reddit,,,,
,,,,$ADI,reddit,,,,
,,,,$ADI,reddit,,,,
,,,,$ADI,reddit,,,,
,,,,$ADI,reddit,,,,
,,,,$ADI,reddit,,,,
,,,,$ADI,reddit,,,,
,,,,$ADI,reddit,,,,
,,,,$ADI,reddit,,,,
,,,,$ADI,reddit,,,,
,,,,$ADI,reddit,,,,
,,,,$ADI,reddit,,,,
,,,,$ADI,reddit,,,,
,,,,$ADI,reddit,,,,
,,,,$ADI,reddit,,,,
,,,,$ADI,reddit,,,,
,,,,$ADI,reddit,,,,
,,,,$ADI,reddit,,,,
,,,,$ADI,reddit,,,,
,,,,$ADI,reddit,,,,
,,,,$ADI,reddit,,,,
,,,,$ADI,reddit,,,,
,,,,$ADI,reddit,,,,
,,,,$ADI,reddit,,,,
,,,,$ADI,reddit,,,,
,,,,$ADI,reddit,,,,
,,,,$ADI,reddit,,,,
,,,,$ADI,reddit,,,,
,,,,$ADI,reddit,,,,
,,,,$ADI,reddit,,,,
,,,,$ADI,reddit,,,,
,,,,$ADI,reddit,,,,
,,,,$ADI,reddit,,,,
,,,,$ADI,reddit,,,,
,,,,$ADI,reddit,,,,
,,,,$ADI,reddit,,,,
,,,,$ADI,reddit,,,,
,,,,$ADI,reddit,,,,
,,,,$ADI,reddit,,,,
,,,,$ADI,reddit,,,,
,,,,$ADI,reddit,,,,
,,,,$ADI,reddit,,,,
,,,,$ADI,reddit,,,,
,,,,$ADI,reddit,,,,
,,,,$ADI,reddit,,,,
,,,,$ADI,reddit,,,,
,,,,$ADI,reddit,,,,
,,,,$ADI,reddit,,,,
,,,,$ADI,reddit,,,,
,,,,$ADI,reddit,,,,
,,,,$ADI,reddit,,,,
,,,,$ADI,reddit,,,,
,,,,$ADI,reddit,,,,
,,,,$ADI,reddit,,,,
,,,,$ADI,reddit,,,,
,,,,$ADI,reddit,,,,
,,,,$ADI,reddit,,,,
,,,,$ADI,reddit,,,,
,,,,$ADI,reddit,,,,
,,,,$ADI,reddit,,,,
,,,,$ADI,reddit,,,,
,,,,$ADI,reddit,,,,
,,,,$ADI,reddit,,,,
,,,,$ADI,reddit,,,,
,,,,$ADI,reddit,,,,
,,,,$ADI,reddit,,,,
,,,,$ADI,reddit,,,,
,,,,$ADI,reddit,,,,
,,,,$ADI,reddit,,,,
,,,,$ADI,reddit,,,,
,,,,$ADI,reddit,,,,
,,,,$ADI,reddit,,,,
,,,,$ADI,reddit,,,,
,,,,$ADI,reddit,,,,
,,,,$ADI,reddit,,,,
,,,,$ADI,reddit,,,,
,,,,$ADI,reddit,,,,
,,,,$ADI,reddit,,,,
,,,,$ADI,reddit,,,,
,,,,$ADI,reddit,,,,
,,,,$ADI,reddit,,,,
,,,,$ADI,reddit,,,,
,,,,$ADI,reddit,,,,
,,,,$ADI,reddit,,,,
,,,,$ADI,reddit,,,,
,,,,$ADI,reddit,,,,
,,,,$ADI,reddit,,,,
,,,,$ADI,reddit,,,,
,,,,$ADI,reddit,,,,
,,,,$ADI,reddit,,,,
,,,,$ADI,reddit,,,,
,,,,$ADI,reddit,,,,
,,,,$ADI,reddit,,,,
,,,,$ADI,reddit,,,,
,,,,$ADI,reddit,,,,
,,,,$ADI,reddit,,,,
,,,,$ADI,reddit,,,,
,,,,$ADI,reddit,,,,
,,,,$ADI,reddit,,,,
,,,,$ADI,reddit,,,,
,,,,$ADI,reddit,,,,
,,,,$ADI,reddit,,,,
,,,,$ADI,reddit,,,,
,,,,$ADI,reddit,,,,
