Unnamed: 0,headline,date,comments,type
0,Cathie Wood's ARK ETF adjusts portfolio with major stock trades,2024-05-21 13:42:51.857142,"the meandering non directional market is telling me nothing is hood | So its nothing about profits, just the sentiment‚Ä¶. | hello",AMD
1,US stock futures tread water; Nvidia anticipation puts Nasdaq at record high,2024-05-21 13:42:52.101356,"how about the s&amp;p? | Everything is pulling back again. Another smashing inaccurate article. Well done | The market drives oil and gold higher before weekends. This is the main trade at the moment, totally missed by this site writers/analysts. | complete nonsense, NASDAQ should be in red more than any other index | Pause on rate hikes equal pause on lowering inflation. Of course, all the excessive fiscal spending isn't helping either. | Oh yes, the higher than expected consumer spending and inflation numbers are definitely not going to market collapsing next week as &quot;rate hike fears&quot; return. | &quot;BREAKING: The average monthly mortgage payment is a whopping 52% higher than the average monthly rent on a house or apartment, the highest amount since the 2008 housing crash, per The Wall Street Journal.&quot; | Intel robust result from adjusted lowered worse than last year pre AI hype earnings result?....better than Ponzi scheme | Inflation is still way above 2% target. Real target is actually below 2% to restore damage which was done within the last 3 years...",AMD
2,Morning bid: Buoyant start to 'Nvidia week',2024-05-21 13:45:07.484201,"CPI is rising not slowing down. if FED was honest and serious it would rise another 0.25! | https://www.bls.gov/cpi/latest-numbers.htm | iska chasma utar gaya | hi | will gold go down then ? | AMD unveiled same bullish future profit forecast last quarter with exceptional chips order due to AI demand surge.....seems Lisa is using same crystal ball to predict this quarter......... | What time is fed meeting today? Great analysis, thanks!",AMD
3,"U.S. futures inch higher, Nvidia to report this week - what's moving markets",2024-05-21 13:45:07.670310,"what if they raise the rate again? | market is a natural humor. | AI probably is bad to small firms, but it would be good to mega biggest firms. | Look at yesterday's chart, then look at today's chart.  No more proof is needed that this laughable &quot;market&quot; is a CRIMINALLY MANIPULATED JOKE. | Thanks | The 10AM breaker magically reappears with the laughingstock of the investing world in the red, and the losses get whisked out of the system as the intraday miracles return to the greatest financial FRAUD in history, and biggest investment JOKE in the world. | Stocks will fall 90 percent over the mext 30 months , real estate will implode 70 percent | The spector of all the Fed lies and cheating to make the wealthy more wealthy is here to haunt them!!! | Look out below...",AMD
4,"5 big analyst AI moves: Baidu, Accenture downgraded to Hold",2024-05-19 00:00:00.000000,investors or traders seem facing nihilistic emptyness | When its? When powell wil have a speech? What time gmt?,AMD
5,"AMD shares gain on cloud adoption, Citi maintains $176 target",2024-05-17 00:00:00.000000,The rise of e-commerce is transforming retail markets. | stock already put in a top | All the AI hype about chips demands for the next couple of years are just deceptive scamüêÇüí©,AMD
6,AMD's CTO Mark Papermaster sells shares worth over $2.5 million,2024-05-17 00:00:00.000000,"&quot;potentially offset by any upside in its foundry business&quot; I beg to differ, ........ trading business relations from supplying your own propietary fully manufactured products to fabbing products of 3rd parties will come with a clear and distinct margin cut. Intel faces competitive pressure in basically every market they are on, that is foundry- and product-side(CCG, DCAI, AXG, IFS, NEX you name it). Their entire existence is a huge battleground, them fighting multiple fights all at once, and not being really clear a winner in any discipline at all.",AMD
7,Adv Micro Device receives Investment Bank Analyst Rating Update,2024-05-17 00:00:00.000000,A bullish news to rebound Nvidia without a single cent profit until after 2025....... | Nvidia desperately wants back to Chinese market. If not with one chip then with another. And Microsoft already demanding AI resources on it can wait if it will increase the risk that new processors will be banned too.Forget Nvidia. Buy ARM - processors takes time to make and outcome isnt clear but cash will start flowing into architecture licensing right now. | Why people had this information since the opening and we have it only now? I missed a good trade!,AMD
8,Here's why investors seem to be hesitant to own AMD stock: Mizuho,2024-05-17 00:00:00.000000,"Why FSLR going down even though it is going to make $1.3 billion profit alone next year 2024? It should go to $250. FSLR will make $2.5 billion profit in 2025.. | Green better than red | Bond yields going down so rate hikes needed to quell inflation. | Typical scam to lure FOMOs | And the curtain rises on the fraudulent magic show called the US Ponzi Scheme, as the predicted intraday &quot;recovery&quot; Is already underway.  BIGGEST INVESTMENT JOKE ON EARTH. | Again - opening in red and closing in green.",AMD
9,Microsoft to offer cloud computer customers platform of AMD intelligence chips,2024-05-17 00:00:00.000000,"Oh joy, Powell is gonna spew again. There goes the markets for sure.",AMD
10,German Leaders to Decide Soon Whether to Curb Use of Chinese 5G Equipment - Reuters,2024-05-17 00:00:00.000000,,AMD
11,"Wall St set to open slightly higher, extend weekly gains",2024-05-17 00:00:00.000000,,AMD
12,Microsoft offers cloud customers AMD alternative to Nvidia AI processors,2024-05-16 00:00:00.000000,,AMD
13,AMD replaces Nvidia on Wolfe's top stocks list,2024-05-16 00:00:00.000000,,AMD
14,"Midday movers: Walmart, Chubb and Trade Desk rise; Meta, GameStop fall",2024-05-16 00:00:00.000000,,AMD
15,Pro Research: Wall Street's deep dive into AMD's prospects,2024-05-15 00:00:00.000000,,AMD
16,AMD Announces Upcoming Events for the Financial Community,2024-05-14 00:00:00.000000,,AMD
17,Nvidia and AMD are gaining share in the Supercomputers race,2024-05-14 00:00:00.000000,,AMD
18,Eviden and AMD launch AI server with new AMD accelerator,2024-05-13 00:00:00.000000,,AMD
19,Apple silicon chips could already be competitive to NVDA‚Äôs H-series: Lynx,2024-05-13 00:00:00.000000,,AMD
20,Adv Micro Device receives Investment Bank Analyst Rating Update,2024-05-13 00:00:00.000000,,AMD
21,AMD Remains the Partner of Choice for World's Fastest and Most Efficient High Performance Computing Deployments,2024-05-13 00:00:00.000000,,AMD
22,AMD CEO Lisa Su sells over $19 million in company stock,2024-05-10 00:00:00.000000,,AMD
23,"AMD's server CPU market share rises, Goldman expects this trend to continue",2024-05-08 00:00:00.000000,,AMD
24,AMD Receives IEEE 2024 Corporate Innovation Award for Leadership in Chiplet Design for High-Performance and Adaptive Computing,2024-05-08 00:00:00.000000,,AMD
25,Intel is losing more share to AMD and ARM - Citi,2024-05-08 00:00:00.000000,,AMD
26,Optiver boosts trading systems with AMD tech,2024-05-07 00:00:00.000000,,AMD
27,"Optiver Chooses AMD Enterprise Portfolio to Power its Data Center Modernization, Enabling New Era of Compute and AI",2024-05-07 00:00:00.000000,,AMD
28,US to Revoke Licences for Supply of Chips to China's Huawei - FT,2024-05-07 00:00:00.000000,,AMD
29,Adv Micro Device receives Investment Bank Analyst Rating Update,2024-05-07 00:00:00.000000,,AMD
30,pSivida Corp receives Investment Bank Analyst Rating Update,2024-05-07 00:00:00.000000,,AMD
31,Goldman lifts Nvidia stock price target amid 'continued robust AI server demand',2024-05-07 00:00:00.000000,,AMD
32,Adv Micro Device receives Investment Bank Analyst Rating Update,2024-05-06 00:00:00.000000,,AMD
33,March chip sales above seasonality - Citi,2024-05-06 00:00:00.000000,,AMD
34,5 big analyst AI moves: Investors ‚Äòstruggling to understand‚Äô Apple AI approach,2024-05-05 00:00:00.000000,,AMD
35,"AMD stock target cut by $45, maintains buy rating",2024-05-02 00:00:00.000000,,AMD
36,Adv Micro Device receives Investment Bank Analyst Rating Update,2024-05-02 00:00:00.000000,,AMD
37,"Tech giants' market cap falls on AI doubts, high rates; Alphabet, Tesla gain",2024-05-02 00:00:00.000000,,AMD
38,"AMD, Super Micro spark chip selloff as earnings miss lofty AI expectations",2024-05-01 00:00:00.000000,,AMD
39,"Citi cuts AMD stock price target, maintains buy rating on recent financial report",2024-05-01 00:00:00.000000,,AMD
40,"AMD AI chip revenue forecast fails to impress, shares dive 7%",2024-05-01 00:00:00.000000,,AMD
41,"S&P 500, Nasdaq end lower after Fed rate decision, Powell press conference",2024-05-01 00:00:00.000000,,AMD
42,Why AMD (AMD) Stock Is Trading Lower Today,2024-05-01 00:00:00.000000,,AMD
43,AMD stock price target cut on supply constraints,2024-05-01 00:00:00.000000,,AMD
44,"Mizuho trims AMD stock price target, retains buy rating",2024-05-01 00:00:00.000000,,AMD
45,Adv Micro Device receives Investment Bank Analyst Rating Update,2024-05-01 00:00:00.000000,,AMD
46,Adv Micro Device receives Investment Bank Analyst Rating Update,2024-05-01 00:00:00.000000,,AMD
47,5 analysts weigh in on AMD earnings,2024-05-01 00:00:00.000000,,AMD
48,AMD share price target cut by Piper Sandler as Q1 meets targets,2024-05-01 00:00:00.000000,,AMD
49,Adv Micro Device receives Investment Bank Analyst Rating Update,2024-05-01 00:00:00.000000,,AMD
50,Adv Micro Device receives Investment Bank Analyst Rating Update,2024-05-01 00:00:00.000000,,AMD
51,"Earnings call: AMD reports solid Q1 2024 results, eyes AI growth",2024-05-01 00:00:00.000000,,AMD
52,Goldman: Pickup in stock options volumes points to stabilization in risk appetite,2024-05-01 00:00:00.000000,,AMD
53,Adv Micro Device receives Investment Bank Analyst Rating Update,2024-05-01 00:00:00.000000,,AMD
54,Adv Micro Device receives Investment Bank Analyst Rating Update,2024-05-01 00:00:00.000000,,AMD
55,Why Nvidia (NVDA) Shares Are Sliding Today,2024-05-01 00:00:00.000000,,AMD
56,"AMD stock slides as earnings, outlook meet expectations; analysts remain bullish",2024-05-01 00:00:00.000000,,AMD
57,"Midday movers: Amazon, Pfizer, Pinterest rise; AMD, Starbucks, CVS Health fall",2024-05-01 00:00:00.000000,,AMD
58,Morning Bid: Mayday for bonds as 2024 Fed cut hopes dwindle,2024-05-01 00:00:00.000000,,AMD
59,No Surprises In AMD's (NASDAQ:AMD) Q1 Sales Numbers But Inventory Levels Increase,2024-04-30 00:00:00.000000,,AMD
60,"AMD earnings matched, revenue topped estimates",2024-04-30 00:00:00.000000,,AMD
61,Mizuho explains why Amazon and AMD are 2 most important reports this week,2024-04-30 00:00:00.000000,,AMD
62,"This earnings move by management would cause implosion in AMD stock, analysts warn",2024-04-30 00:00:00.000000,,AMD
63,"After-hours movers: Amazon, AMD, Starbucks, Pinterest and more",2024-04-30 00:00:00.000000,,AMD
64,"AMD, Qualcomm and Apple unlikely to deliver 'clean beats' - Lynx Equity Strategies",2024-04-30 00:00:00.000000,,AMD
65,Susquehanna cuts AMD share price target ahead of earnings on softness concerns,2024-04-29 00:00:00.000000,,AMD
66,AMD (AMD) To Report Earnings Tomorrow: Here Is What To Expect,2024-04-29 00:00:00.000000,,AMD
67,AMD stock target cut at Morgan Stanley 'amid longer term concerns',2024-04-29 00:00:00.000000,,AMD
68,Adv Micro Device receives Investment Bank Analyst Rating Update,2024-04-29 00:00:00.000000,,AMD
69,Adv Micro Device receives Investment Bank Analyst Rating Update,2024-04-29 00:00:00.000000,,AMD
70,AMD to report Q1 earnings: Here's what Deutsche Bank expects,2024-04-29 00:00:00.000000,,AMD
71,SMCI stock: Analysts preview upcoming earnings report,2024-04-29 00:00:00.000000,,AMD
72,"U.S. chip bans not meant to hobble China's growth, Blinken says",2024-04-26 00:00:00.000000,,AMD
73,"US Homeland Security names AI safety, security advisory board",2024-04-26 00:00:00.000000,,AMD
74,AMD cut to Hold at Erste as upside potential limited,2024-04-26 00:00:00.000000,,AMD
75,Adv Micro Device receives Investment Bank Analyst Rating Update,2024-04-26 00:00:00.000000,,AMD
76,'In AI we trust': BofA remains bullish on these 5 chip stocks,2024-04-26 00:00:00.000000,,AMD
77,Intel forecast misses estimates; shares tumble,2024-04-25 00:00:00.000000,,AMD
78,Why AI-powered PCs could play a key role in AMD and Intel earnings,2024-04-24 00:00:00.000000,,AMD
79,"S&P 500 ends higher as markets weigh rising yields, upbeat corporate results",2024-04-24 00:00:00.000000,,AMD
80,Texas Instruments' upbeat Q2 forecast pushes chip stocks higher,2024-04-24 00:00:00.000000,,AMD
81,Chipmakers in focus: Intel and AMD gear up for Q1 earnings report,2024-04-22 00:00:00.000000,,AMD
82,Citi picks one chip stock to sell off and one to trade higher after earnings,2024-04-22 00:00:00.000000,,AMD
83,Short sellers recoup losses as rally in US stocks loses steam,2024-04-19 00:00:00.000000,,AMD
84,"Midday movers: Netflix, Super Micro fall; Paramount Global gains",2024-04-19 00:00:00.000000,,AMD
85,"This is the most important semi stock at the moment, not Nvidia",2024-04-18 00:00:00.000000,,AMD
86,"Chip stocks, including Nvidia, 'have ways to go to the downside' - Lynx",2024-04-18 00:00:00.000000,,AMD
87,AMD CTO Mark Papermaster sells $2.66m in company stock,2024-04-17 00:00:00.000000,,AMD
88,Asian chipmaking stocks advance ahead of TSMC Q1 earnings,2024-04-17 00:00:00.000000,,AMD
89,AMD to Report Fiscal First Quarter 2024 Financial Results,2024-04-16 00:00:00.000000,,AMD
90,AMD introduces AI chips for business laptops and desktops,2024-04-16 00:00:00.000000,,AMD
91,Startup Rivos raises $250 million to develop RISC-V AI chips,2024-04-16 00:00:00.000000,,AMD
92,Evercore ISI starts 'accelerating AI play' AMD at Outperform,2024-04-16 00:00:00.000000,,AMD
93,AMD launches new AI processors for business PCs,2024-04-16 00:00:00.000000,,AMD
94,AMD Expands Commercial AI PC Portfolio,2024-04-16 00:00:00.000000,,AMD
95,HSBC upgrades AMD stock to Buy on massive AI TAM,2024-04-16 00:00:00.000000,,AMD
96,"Midday movers: Morgan Stanley, UnitedHealth rise; Tesla falls",2024-04-16 00:00:00.000000,,AMD
97,Adv Micro Device receives Investment Bank Analyst Rating Update,2024-04-16 00:00:00.000000,,AMD
98,"Morgan Stanley, Bank of America discuss outlook for AMD stock",2024-04-15 00:00:00.000000,,AMD
99,Adv Micro Device receives Investment Bank Analyst Rating Update,2024-04-15 00:00:00.000000,,AMD
100,Why AMD (AMD) Stock Is Nosediving,2024-04-12 00:00:00.000000,,AMD
101,"Intel, AMD stock drop on report China is phasing out foreign chips",2024-04-12 00:00:00.000000,,AMD
102,"JPMorgan, Wells Fargo, Intel and Tesla fall premarket; BlackRock rises",2024-04-12 00:00:00.000000,,AMD
103,China Tells Telecom Carriers to Phase Out Foreign Chips - WSJ,2024-04-12 00:00:00.000000,,AMD
104,"China Tells Telecom Carriers to Phase Out Foreign Chips in Blow to Intel, AMD - WSJ",2024-04-12 00:00:00.000000,,AMD
105,"Citi maintains buy on AMD, neutral on Intel amid notebook shipment surge",2024-04-10 00:00:00.000000,,AMD
106,Bull markets embolden retail traders to make risky bets,2024-04-10 00:00:00.000000,,AMD
107,NVIDIA target raised at Morgan Stanley as business 'continues to strengthen',2024-04-10 00:00:00.000000,,AMD
108,BlackBerry gains on partnership with AMD for robotics systems,2024-04-09 00:00:00.000000,,AMD
109,"Google unveils Arm-based data center processor, new AI chip",2024-04-09 00:00:00.000000,,AMD
110,AMD stock: Wells Fargo sees a 'tricky' earnings setup,2024-04-09 00:00:00.000000,,AMD
111,BlackBerry rises 4% on a pact with AMD,2024-04-09 00:00:00.000000,,AMD
112,BlackBerry Announces Collaboration with AMD to Advance Foundational Precision and Control for Robotics Industry,2024-04-09 00:00:00.000000,,AMD
113,AMD Extends Leadership Adaptive SoC Portfolio with New Versal Series Gen 2 Devices Delivering End-to-End Acceleration for AI-Driven Embedded Systems,2024-04-09 00:00:00.000000,,AMD
114,Intel reveals details of new AI chip to fight Nvidia dominance,2024-04-09 00:00:00.000000,,AMD
115,Magnificent Seven and beyond: Big Tech EPS preview,2024-04-09 00:00:00.000000,,AMD
116,TSMC wins $6.6 billion US subsidy for Arizona chip production,2024-04-08 00:00:00.000000,,AMD
117,AMD stock: Piper Sandler explains why chipmaker remains well-positioned for 2024,2024-04-05 00:00:00.000000,,AMD
118,Adv Micro Device receives Investment Bank Analyst Rating Update,2024-04-05 00:00:00.000000,,AMD
119,"Midday movers: Apple, Krispy Kreme, Netflix and Western Digital rise",2024-04-05 00:00:00.000000,,AMD
120,"Tesla's bumpy ride, captured in five charts",2024-04-05 00:00:00.000000,,AMD
121,4 chip stocks to buy as confidence in long-term outlook increases - Wolfe,2024-04-05 00:00:00.000000,,AMD
122,Could this Nvidia partner be a new AI winner? Evercore ISI thinks so,2024-04-03 00:00:00.000000,,AMD
123,"Stifel prefers Nvidia over Intel in the near-term, keeps hold rating on stock",2024-04-03 00:00:00.000000,,AMD
124,Intel Corp receives Investment Bank Analyst Rating Update,2024-04-03 00:00:00.000000,,AMD
125,AMD cautions shareholders about unsolicited mini-tender offer,2024-04-01 00:00:00.000000,,AMD
126,AMD Recommends Rejection of ‚ÄúMini-Tender‚Äù Offer from Tutanota,2024-04-01 00:00:00.000000,,AMD
127,Nvidia and this AI chip stock remain Top Picks at BofA,2024-04-01 00:00:00.000000,,AMD
128,China criticises US tightening of chip export rules,2024-03-31 00:00:00.000000,,AMD
129,8 disruptive computing stocks primed for growth (Part 2),2024-03-26 00:00:00.000000,,AMD
130,Morning Bid: March markets serene as Q1 peters out,2024-03-26 00:00:00.000000,,AMD
131,China‚Äôs New Policy Impacts U.S. Chip Giants Intel and AMD,2024-03-25 00:00:00.000000,,AMD
132,Stock market today: S&P 500 ends lower as big tech stumble weighs,2024-03-25 00:00:00.000000,,AMD
133,"Intel, AMD sales to take hit from China curbing use of U.S. chips, analysts warn",2024-03-25 00:00:00.000000,,AMD
134,"Midday movers: Apple, Intel, United Airlines fall; Micron rises",2024-03-25 00:00:00.000000,,AMD
135,"AMD, Intel slide as China blocks use of their chips in government PCs",2024-03-25 00:00:00.000000,,AMD
136,"Apple's Baidu Link, Nissan sales, STOXX 600 growth - what's moving markets",2024-03-25 00:00:00.000000,,AMD
137,"Asian stocks skittish ahead of data packed-week, Japan‚Äôs Nikkei falls",2024-03-24 00:00:00.000000,,AMD
138,"China blocks use of Intel and AMD chips in government computers, FT reports",2024-03-24 00:00:00.000000,,AMD
139,China told it faces 'fork in the road' as officials meet CEOs,2024-03-24 00:00:00.000000,,AMD
140,US ETF issuers rush to offer investors new ways to bet on US tech megacap stocks,2024-03-20 00:00:00.000000,,AMD
141,"Nvidia GTC: Citi discusses implications for Intel, Micron and AMD stock",2024-03-20 00:00:00.000000,,AMD
142,"Missed out on NVDA, SMCI and AMD? This AI chip stock is seen as next big winner",2024-03-20 00:00:00.000000,,AMD
143,AMD CTO papermaster sells over $3m in company stock,2024-03-19 00:00:00.000000,,AMD
144,Why AMD (AMD) Shares Are Falling Today,2024-03-19 00:00:00.000000,,AMD
145,Nvidia stock climbs as CFO says new chip to ship in 2024,2024-03-19 00:00:00.000000,,AMD
146,AMD stock sinks on Nvidia's new chip,2024-03-19 00:00:00.000000,,AMD
147,Wall Street advances with Nvidia and Fed meeting in focus,2024-03-19 00:00:00.000000,,AMD
148,AMD technology powers Sony's new LiDAR for safer autonomous cars,2024-03-19 00:00:00.000000,,AMD
149,AMD Adaptive Computing Technology Powers Sony Semiconductor Solutions LiDAR Automotive Reference Design,2024-03-19 00:00:00.000000,,AMD
150,"Nvidia unveils flagship AI chip, the B200, aiming to extend dominance",2024-03-19 00:00:00.000000,,AMD
151,"Wall Street ends higher, investors juggle Fed nerves with AI enthusiasm",2024-03-18 00:00:00.000000,,AMD
152,Super Micro Computer rides AI server boom to join S&P 500,2024-03-18 00:00:00.000000,,AMD
153,"5 big analyst AI moves: AI market is not a bubble yet, says Goldman",2024-03-17 00:00:00.000000,,AMD
154,AMD CEO Lisa Su sells over $24 million in company stock,2024-03-15 00:00:00.000000,,AMD
155,China Urges EV Makers to Buy Local Chips as US Clash Escalates - Bloomberg,2024-03-15 00:00:00.000000,,AMD
156,Soundhound AI stock is 'obviously' a 'pump and dump' stock - market watcher,2024-03-14 00:00:00.000000,,AMD
157,AMD stock is likely to correct from here - Fairlead Strategies,2024-03-14 00:00:00.000000,,AMD
158,Midday movers: Tesla and Dollar Tree fall; Williams-Sonoma rises,2024-03-13 00:00:00.000000,,AMD
159,"With SMCI stock through the roof, investors ask which company is next?",2024-03-13 00:00:00.000000,,AMD
160,"Goldman lists 20 stocks where options volumes matter most, including NVDA and SMCI",2024-03-13 00:00:00.000000,,AMD
161,"S&P 500 posts record high close as Oracle jumps, traders keep rate-cut bets",2024-03-12 00:00:00.000000,,AMD
162,Citi bullish on AMD stock following February notebook shipments data,2024-03-12 00:00:00.000000,,AMD
163,"Intel survived bid to halt millions in sales to China's Huawei, sources say",2024-03-12 00:00:00.000000,,AMD
164,Morgan Stanley shares 15 ways to play AI,2024-03-12 00:00:00.000000,,AMD
165,Intel resisted attempts to block multimillion-dollar sales to Huawei - Reuters,2024-03-12 00:00:00.000000,,AMD
166,"S&P 500, Nasdaq end down as investors wait for CPI, PPI data",2024-03-11 00:00:00.000000,,AMD
167,Quiver Markets Wrap,2024-03-11 00:00:00.000000,,AMD
168,"5 big analyst AI moves: Lynx analyst: Buy Apple, reduce Nvidia ahead of GTC event",2024-03-10 00:00:00.000000,,AMD
169,"Melius Research says AMD the 'Nvidia-Mini', raises price target",2024-03-08 00:00:00.000000,,AMD
170,"Buy Apple, trim Nvidia ahead of the GTC event, Lynx Equity Strategies says",2024-03-08 00:00:00.000000,,AMD
171,"Melius Research boosts AMD shares target, bullish on AI sector potential",2024-03-08 00:00:00.000000,,AMD
172,Adv Micro Device receives Investment Bank Analyst Rating Update,2024-03-08 00:00:00.000000,,AMD
173,"FBI Agents Deliver Grand Jury Subpoenas as ADM (AMD) Criminal Probe Escalates, Sources Say - Reuters",2024-03-07 00:00:00.000000,,AMD
174,"AMD stock gets positive nod from Mizuho, sees AI revenue beating estimates",2024-03-07 00:00:00.000000,,AMD
175,Adv Micro Device receives Investment Bank Analyst Rating Update,2024-03-07 00:00:00.000000,,AMD
176,Adv Micro Device receives Investment Bank Analyst Rating Update,2024-03-07 00:00:00.000000,,AMD
177,Mizuho raises its price targets for these semiconductor stocks,2024-03-07 00:00:00.000000,,AMD
178,Nvidia Corp receives Investment Bank Analyst Rating Update,2024-03-07 00:00:00.000000,,AMD
179,US officials face tough choices for subsidizing AI chip manufacturing,2024-03-06 00:00:00.000000,,AMD
180,"Tech-heavy Nasdaq leads Wall Street lower as megacaps, chips slide",2024-03-05 00:00:00.000000,,AMD
181,"Keysight, AMD develop new 5G network performance test",2024-03-05 00:00:00.000000,,AMD
182,Keysight Technologies and to Redefine Benchmarking for Cloud and Edge Infrastructure Performance,2024-03-05 00:00:00.000000,,AMD
183,AMD expands FPGA lineup with Spartan UltraScale+,2024-03-05 00:00:00.000000,,AMD
184,Quiver Evening Markets Wrap,2024-03-05 00:00:00.000000,,AMD
185,AMD Unveils AMD Spartan UltraScale+ FPGA family,2024-03-05 00:00:00.000000,,AMD
186,"AMD hits US roadblock in selling AI chip tailored for China, Bloomberg News reports",2024-03-05 00:00:00.000000,,AMD
187,Stock market today: S&P 500 slumps as tech rally stalls ahead of Powell testimony,2024-03-05 00:00:00.000000,,AMD
188,Midday movers: Tesla slips; Target surges,2024-03-05 00:00:00.000000,,AMD
189,AMD blocked from selling AI chip geared specifically for China- Bloomberg,2024-03-04 00:00:00.000000,,AMD
190,AMD Hits U.S. Roadblock In Selling Ai Chip Tailored For China - Bloomberg,2024-03-04 00:00:00.000000,,AMD
191,AMD appoints ex-lab director to lead AI public policy,2024-03-04 00:00:00.000000,,AMD
192,AMD Appoints Thomas Zacharia as SVP of Technology Partnerships,2024-03-04 00:00:00.000000,,AMD
193,Adv Micro Device receives Investment Bank Analyst Rating Update,2024-03-04 00:00:00.000000,,AMD
194,Super Micro Compu receives Investment Bank Analyst Rating Update,2024-03-04 00:00:00.000000,,AMD
195,Why is Citi 'wildly bullish' on AMD stock despite 110% rally in price,2024-03-01 00:00:00.000000,,AMD
196,"S&P 500, Nasdaq close at fresh records on AI boost, easing yields",2024-03-01 00:00:00.000000,,AMD
197,Nvidia closes with $2 trillion valuation as Dell stokes AI rally,2024-03-01 00:00:00.000000,,AMD
198,AI tide lifts Nasdaq to record intra-day high,2024-03-01 00:00:00.000000,,AMD
199,Analysis-Wall Street hunts for more AI gold after Nvidia‚Äôs soaring rally,2024-03-01 00:00:00.000000,,AMD
200,Marketmind: Perusing euro zone PMIs and prices,2024-03-01 00:00:00.000000,,AMD
201,Citi remains 'wildly bullish' on chip stocks,2024-02-29 00:00:00.000000,,AMD
202,US Senator urges chipmakers to help keep their chips out of Russian weapons,2024-02-27 00:00:00.000000,,AMD
203,China's chips 'not as far behind Intel/AMD as some investors may think' - Bernstein,2024-02-27 00:00:00.000000,,AMD
204,India's stance on data transfers at WTO spooks chip giants,2024-02-23 00:00:00.000000,,AMD
205,"Nvidia shares soar, futures muted, Reddit IPO filing - what's moving markets",2024-02-23 00:00:00.000000,,AMD
206,Stock Market Today: S&P 500 in record close as Nvidia rally keeps bulls in control,2024-02-22 00:00:00.000000,,AMD
207,"S&P 500, Dow surge to record closing highs as Nvidia sparks AI frenzy",2024-02-22 00:00:00.000000,,AMD
208,Why Is AMD (AMD) Stock Soaring Today,2024-02-22 00:00:00.000000,,AMD
209,Nvidia identifies Huawei as top competitor for the first time in filing,2024-02-22 00:00:00.000000,,AMD
210,"Midday movers: Nvidia, Moderna rise; Etsy, Rivian fall",2024-02-22 00:00:00.000000,,AMD
211,"Nvidia stock surges after results, lifts other AI shares",2024-02-21 00:00:00.000000,,AMD
212,New Arm offering to speed creation of custom data center chips,2024-02-21 00:00:00.000000,,AMD
213,Earnings week ahead: Nvidia poses pivotal test to rally amid sky-high expectations,2024-02-18 00:00:00.000000,,AMD
214,Intel Corp receives Investment Bank Analyst Rating Update,2024-02-16 00:00:00.000000,,AMD
215,Nvidia Corp receives Investment Bank Analyst Rating Update,2024-02-15 00:00:00.000000,,AMD
216,Nvidia continues to rise but fund manager says don't overpay to capture the momentum,2024-02-15 00:00:00.000000,,AMD
217,Nvidia market cap threatens Alphabet after overtaking Amazon,2024-02-14 00:00:00.000000,,AMD
218,AMD's Kria K26 SOM enhances JR Kyushu train track inspections,2024-02-13 00:00:00.000000,,AMD
219,Adv Micro Device receives Investment Bank Analyst Rating Update,2024-02-13 00:00:00.000000,,AMD
220,"The 'AI revolution' is playing out, Wedbush sees tidal wave of spending coming to the tech industry",2024-02-13 00:00:00.000000,,AMD
221,"Mizuho sees 'substantial AI upside' for Nvidia, AMD and Broadcom",2024-02-13 00:00:00.000000,,AMD
222,SoftBank‚Äôs Arm doubles in value within days as AI hype builds; What next?,2024-02-12 00:00:00.000000,,AMD
223,Lattice Semiconductor Earnings: What To Look For From LSCC,2024-02-11 00:00:00.000000,,AMD
224,"Goldman Sachs maintains buy rating on AMD, sell on Intel",2024-02-07 00:00:00.000000,,AMD
225,Adv Micro Device receives Investment Bank Analyst Rating Update,2024-02-07 00:00:00.000000,,AMD
226,AMD introduces Embedded+ for faster ODM AI solutions,2024-02-06 00:00:00.000000,,AMD
227,AMD Unveils Embedded+ Architecture; Combines Embedded Processors with Adaptive SoCs to Accelerate Time-to-Market for Edge AI Applications,2024-02-06 00:00:00.000000,,AMD
228,Stock Market Today: S&P 500 ends just shy of record as earnings parade continues,2024-02-06 00:00:00.000000,,AMD
229,4D Molecular Therapeutics receives Investment Bank Analyst Rating Update,2024-02-05 00:00:00.000000,,AMD
230,Adv Micro Device receives Investment Bank Analyst Rating Update,2024-02-05 00:00:00.000000,,AMD
231,AMD stock retains Outperform rating with $195 target from Northland,2024-02-05 00:00:00.000000,,AMD
232,Adv Micro Device receives Investment Bank Analyst Rating Update,2024-02-05 00:00:00.000000,,AMD
233,5 big analyst AI moves: Bullish on Microsoft and Google; AMD cut,2024-02-04 00:00:00.000000,,AMD
234,Why Is Snowflake (SNOW) Stock Soaring Today,2024-02-02 00:00:00.000000,,AMD
235,Adv Micro Device receives Investment Bank Analyst Rating Update,2024-02-02 00:00:00.000000,,AMD
236,Tesla woes get investors talking about its successor in 'Magnificent Seven',2024-02-02 00:00:00.000000,,AMD
237,"Amazon and Meta surge after results, while Apple drops",2024-02-01 00:00:00.000000,,AMD
238,RTX works with AMD to develop next-gen Multi-Chip Package,2024-02-01 00:00:00.000000,,AMD
239,Earnings call: AMD anticipates growth driven by AI and Data Center demand,2024-01-31 00:00:00.000000,,AMD
240,AMD CEO Says Planning For Larger Number In AI Chip Demand - Bloomberg,2024-01-31 00:00:00.000000,,AMD
241,'AI' stays front-and-center on quarterly conference calls,2024-01-31 00:00:00.000000,,AMD
242,AMD falls on soft revenue forecast; analysts see buying opportunity,2024-01-31 00:00:00.000000,,AMD
243,Soaring chip stocks hit as AMD's forecast fails to impress,2024-01-31 00:00:00.000000,,AMD
244,Adv Micro Device receives Investment Bank Analyst Rating Update,2024-01-31 00:00:00.000000,,AMD
245,Adv Micro Device receives Investment Bank Analyst Rating Update,2024-01-31 00:00:00.000000,,AMD
246,Quiver Markets Wrap: Tech Stocks Under Pressure,2024-01-31 00:00:00.000000,,AMD
247,Adv Micro Device receives Investment Bank Analyst Rating Update,2024-01-31 00:00:00.000000,,AMD
248,"Wall St ends lower after Fed holds rates steady, rules out March rate cut",2024-01-31 00:00:00.000000,,AMD
249,"Investors punish Microsoft, Alphabet as AI returns fall short of lofty expectations",2024-01-31 00:00:00.000000,,AMD
250,Adv Micro Device receives Investment Bank Analyst Rating Update,2024-01-31 00:00:00.000000,,AMD
251,Adv Micro Device receives Investment Bank Analyst Rating Update,2024-01-31 00:00:00.000000,,AMD
252,Adv Micro Device receives Investment Bank Analyst Rating Update,2024-01-31 00:00:00.000000,,AMD
253,Adv Micro Device receives Investment Bank Analyst Rating Update,2024-01-31 00:00:00.000000,,AMD
254,Adv Micro Device receives Investment Bank Analyst Rating Update,2024-01-31 00:00:00.000000,,AMD
255,Adv Micro Device receives Investment Bank Analyst Rating Update,2024-01-31 00:00:00.000000,,AMD
256,Adv Micro Device receives Investment Bank Analyst Rating Update,2024-01-31 00:00:00.000000,,AMD
257,Quiver Afternoon Wrap: Tech Stocks Tumble as Market Eyes Fed Decision,2024-01-31 00:00:00.000000,,AMD
258,Adv Micro Device receives Investment Bank Analyst Rating Update,2024-01-31 00:00:00.000000,,AMD
259,Adv Micro Device receives Investment Bank Analyst Rating Update,2024-01-31 00:00:00.000000,,AMD
260,Adv Micro Device receives Investment Bank Analyst Rating Update,2024-01-31 00:00:00.000000,,AMD
261,Adv Micro Device receives Investment Bank Analyst Rating Update,2024-01-31 00:00:00.000000,,AMD
262,"Midday movers: Boeing flies, Alphabet flops, and more",2024-01-31 00:00:00.000000,,AMD
263,Adv Micro Device receives Investment Bank Analyst Rating Update,2024-01-31 00:00:00.000000,,AMD
264,Adv Micro Device receives Investment Bank Analyst Rating Update,2024-01-31 00:00:00.000000,,AMD
265,Adv Micro Device receives Investment Bank Analyst Rating Update,2024-01-31 00:00:00.000000,,AMD
266,Adv Micro Device receives Investment Bank Analyst Rating Update,2024-01-31 00:00:00.000000,,AMD
267,AMD boosts AI chip forecast by $1.5 billion - not enough for Wall Street,2024-01-30 00:00:00.000000,,AMD
268,AMD (NASDAQ:AMD) Reports Q4 Sales In Line With Expectations But Quarterly Guidance Underwhelms,2024-01-30 00:00:00.000000,,AMD
269,"AMD earnings matched, revenue topped estimates",2024-01-30 00:00:00.000000,,AMD
270,AI companies lose $190 billion in market cap after Alphabet and Microsoft report,2024-01-30 00:00:00.000000,,AMD
271,AMD cut at Raymond James as stock trades close to bull case,2024-01-30 00:00:00.000000,,AMD
272,"After-hours movers: Microsoft, AMD, Alphabet, and Tesla",2024-01-30 00:00:00.000000,,AMD
273,Adv Micro Device receives Investment Bank Analyst Rating Update,2024-01-30 00:00:00.000000,,AMD
274,"U.S. futures subdued; Microsoft, Alphabet to report - what's moving markets",2024-01-30 00:00:00.000000,,AMD
275,European stocks edge higher; eurozone growth data in spotlight,2024-01-30 00:00:00.000000,,AMD
276,Marketmind: China worries markets,2024-01-30 00:00:00.000000,,AMD
277,Morgan Stanley bullish on AMD but prefers Nvidia at current levels,2024-01-29 00:00:00.000000,,AMD
278,BofA raises AMD target ahead of earnings but cautions on potential Q1 guidance miss,2024-01-29 00:00:00.000000,,AMD
279,Adv Micro Device receives Investment Bank Analyst Rating Update,2024-01-29 00:00:00.000000,,AMD
280,Adv Micro Device receives Investment Bank Analyst Rating Update,2024-01-29 00:00:00.000000,,AMD
281,AMD (AMD) Reports Q4: Everything You Need To Know Ahead Of Earnings,2024-01-29 00:00:00.000000,,AMD
282,"Dow Jones, Nasdaq, S&P 500 weekly preview: FOMC, NFP, Apple, Microsoft and more",2024-01-29 00:00:00.000000,,AMD
283,AMD target raised as Stifel expects in line December quarter results,2024-01-26 00:00:00.000000,,AMD
284,Intel tumbles as chipmaker falls further behind in AI race,2024-01-26 00:00:00.000000,,AMD
285,Adv Micro Device receives Investment Bank Analyst Rating Update,2024-01-26 00:00:00.000000,,AMD
286,"Intel stock turnaround 'may be over' says Needham, cuts rating",2024-01-26 00:00:00.000000,,AMD
287,"UBS raises AMD price target, says stock 'can keep marching higher'",2024-01-25 00:00:00.000000,,AMD
288,January supply chain checks favor these chip stocks,2024-01-25 00:00:00.000000,,AMD
289,Adv Micro Device receives Investment Bank Analyst Rating Update,2024-01-25 00:00:00.000000,,AMD
290,Why Is AMD (AMD) Stock Soaring Today,2024-01-24 00:00:00.000000,,AMD
291,S&P 500 ekes out another record high as Netflix and chipmakers leap,2024-01-24 00:00:00.000000,,AMD
292,AMD upgraded to buy at New Street as it stands out in data center AI chip sector,2024-01-24 00:00:00.000000,,AMD
293,Stock Market Today: S&P 500 ekes out win to extend record run amid Netflix surge,2024-01-24 00:00:00.000000,,AMD
294,"Midday movers: Netflix gains, ASML spurs rally in chip stocks",2024-01-24 00:00:00.000000,,AMD
295,Adv Micro Device receives Investment Bank Analyst Rating Update,2024-01-23 00:00:00.000000,,AMD
296,Adv Micro Device receives Investment Bank Analyst Rating Update,2024-01-23 00:00:00.000000,,AMD
297,Nvidia and AMD gain accelerator instance share - Jefferies,2024-01-22 00:00:00.000000,,AMD
298,Adv Micro Device receives Investment Bank Analyst Rating Update,2024-01-22 00:00:00.000000,,AMD
299,"AMD Appoints Ava Hahn as SVP, General Counsel and Corporate Secretary",2024-01-22 00:00:00.000000,,AMD
300,AMD cut at Northland as AI 'not as big as investors are thinking',2024-01-22 00:00:00.000000,,AMD
301,AMD downgraded to Market Perform due to its high valuation: 4 big analyst cuts,2024-01-22 00:00:00.000000,,AMD
302,Adv Micro Device receives Investment Bank Analyst Rating Update,2024-01-22 00:00:00.000000,,AMD
303,Why Is Western Digital (WDC) Stock Rocketing Higher Today,2024-01-22 00:00:00.000000,,AMD
304,"Midday movers: Small cap stocks rule, Archer-Daniels-Midland falls, and more",2024-01-22 00:00:00.000000,,AMD
305,"Futures higher, FAA recommends more Boeing safety checks - what's moving markets",2024-01-22 00:00:00.000000,,AMD
306,Why Are AMD (AMD) Shares Soaring Today,2024-01-19 00:00:00.000000,,AMD
307,"S&P 500 hits record intra-day high driven by chipmakers, megacaps",2024-01-19 00:00:00.000000,,AMD
308,Stock Market Today: S&P 500 rallies to record high as tech reigns supreme,2024-01-19 00:00:00.000000,,AMD
309,Altman Seeks To Raise Billions For Network Of AI Chip Factories - Bloomberg,2024-01-19 00:00:00.000000,,AMD
310,Why Are AMD (AMD) Shares Soaring Today,2024-01-18 00:00:00.000000,,AMD
311,S&P 500 ends near record high as AI optimism lifts chipmakers,2024-01-18 00:00:00.000000,,AMD
312,AMD price target lifted at TD Cowen as analysts expect solid 4Q results,2024-01-18 00:00:00.000000,,AMD
313,Adv Micro Device receives Investment Bank Analyst Rating Update,2024-01-18 00:00:00.000000,,AMD
314,"Midday movers: Apple climbs, Humana slumps, and more",2024-01-18 00:00:00.000000,,AMD
315,Taiwan Semi's Results Lift Chip and Chip Equipment Stocks,2024-01-18 00:00:00.000000,,AMD
316,AMD reduces Radeon RX 7900 XT price to compete with NVIDIA,2024-01-17 00:00:00.000000,,AMD
317,AMD and Nvidia shares surge on AI growth prospects,2024-01-17 00:00:00.000000,,AMD
318,Wall Street Bullish on Nvidia and AMD as AI Chip Prospects Soar,2024-01-16 00:00:00.000000,,AMD
319,"Nvidia, AMD shares jump as AI optimism spurs analyst price target hikes",2024-01-16 00:00:00.000000,,AMD
320,Why AMD (AMD) Stock Is Trading Up Today,2024-01-16 00:00:00.000000,,AMD
321,"AMD Extends Gain on Open, Up 3.5%",2024-01-16 00:00:00.000000,,AMD
322,Adv Micro Device receives Investment Bank Analyst Rating Update,2024-01-16 00:00:00.000000,,AMD
323,Adv Micro Device receives Investment Bank Analyst Rating Update,2024-01-16 00:00:00.000000,,AMD
324,"Midday movers: Goldman Sachs, Boeing, AMD and more",2024-01-16 00:00:00.000000,,AMD
325,Adv Micro Device receives Investment Bank Analyst Rating Update,2024-01-16 00:00:00.000000,,AMD
326,5 big analyst AI moves: Alphabet and Amazon attract new Street fans,2024-01-14 00:00:00.000000,,AMD
327,PC makers bet on AI to rekindle sales,2024-01-12 00:00:00.000000,,AMD
328,5 chip stocks to own - KeyBanc,2024-01-11 00:00:00.000000,,AMD
329,Why AMD (AMD) Stock Is Up Today,2024-01-08 00:00:00.000000,,AMD
330,Nvidia and AMD stocks surge on new chip expectations and product launch,2024-01-08 00:00:00.000000,,AMD
331,"AMD has meaningful upside to consenus, Cisco still finding its way in AI - Melius Research",2024-01-08 00:00:00.000000,,AMD
332,AMD unveils Radeon RX 7600 XT with 16GB memory for $329,2024-01-08 00:00:00.000000,,AMD
333,"AI to dominate this year's CES, even without OpenAI's Altman on hand",2024-01-08 00:00:00.000000,,AMD
334,AMD Reveals Next-Gen Desktop Processors for Extreme PC Gaming and Creator Performance,2024-01-08 00:00:00.000000,,AMD
335,AMD Unveils AMD Radeon RX 7600 XT Graphics Card,2024-01-08 00:00:00.000000,,AMD
336,Adv Micro Device receives Investment Bank Analyst Rating Update,2024-01-08 00:00:00.000000,,AMD
337,Top pick NVIDIA's potential upside is significant - New Street Research,2024-01-08 00:00:00.000000,,AMD
338,"AI to dominate this year's CES, even without OpenAI's Altman on hand",2024-01-05 00:00:00.000000,,AMD
339,Adv Micro Device receives Investment Bank Analyst Rating Update,2024-01-05 00:00:00.000000,,AMD
340,"Midday movers: Tesla, Constellation Brands, Palantir and more",2024-01-05 00:00:00.000000,,AMD
341,AMD Announces Advanced AI Engines and Elevated In-Vehicle Experiences,2024-01-04 00:00:00.000000,,AMD
342,"AI to dominate this year's CES, even without OpenAI's Altman on hand",2024-01-04 00:00:00.000000,,AMD
343,Adv Micro Device receives Investment Bank Analyst Rating Update,2024-01-04 00:00:00.000000,,AMD
344,Adv Micro Device receives Investment Bank Analyst Rating Update,2024-01-04 00:00:00.000000,,AMD
345,Adv Micro Device receives Investment Bank Analyst Rating Update,2024-01-04 00:00:00.000000,,AMD
346,Why Morgan Stanley is increasing Nvidia position and lowering AMD exposure,2024-01-04 00:00:00.000000,,AMD
347,"Morgan Stanley Wealth Management raises Nvidia, Spotify stakes, cuts AMD",2024-01-04 00:00:00.000000,,AMD
348,US chip stocks tumble after strongest year since 2009,2024-01-03 00:00:00.000000,,AMD
349,Adv Micro Device receives Investment Bank Analyst Rating Update,2024-01-03 00:00:00.000000,,AMD
350,Adv Micro Device receives Investment Bank Analyst Rating Update,2024-01-03 00:00:00.000000,,AMD
351,Why AMD (AMD) Shares Are Sliding Today,2024-01-02 00:00:00.000000,,AMD
352,Adv Micro Device receives Investment Bank Analyst Rating Update,2024-01-02 00:00:00.000000,,AMD
353,"Midday movers: Microsoft, AMD, Boeing, and more",2023-12-28 00:00:00.000000,,AMD
354,"Wall St ends sharply higher, rebounding with a boost from chips",2023-12-21 00:00:00.000000,,AMD
355,AMD Recommends Rejection of Below-Market ‚ÄúMini-Tender‚Äù Offer from TRC Capital Investment Corporation,2023-12-19 00:00:00.000000,,AMD
356,Adv Micro Device receives Investment Bank Analyst Rating Update,2023-12-18 00:00:00.000000,,AMD
357,"Chinese firms look to Malaysia for assembly of high-end chips, sources say",2023-12-18 00:00:00.000000,,AMD
358,Adv Micro Device receives Investment Bank Analyst Rating Update,2023-12-18 00:00:00.000000,,AMD
359,Adv Micro Device receives Investment Bank Analyst Rating Update,2023-12-15 00:00:00.000000,,AMD
360,"AMD, Micron, Intel, Nvidia: BofA shuffles chip stock ratings ahead of 2024",2023-12-15 00:00:00.000000,,AMD
361,Stock Market Today: Dow closes at record record high as post-Fed rally continues,2023-12-14 00:00:00.000000,,AMD
362,"After US curbs, Tencent and small chip designers chase Nvidia's China crown",2023-12-11 00:00:00.000000,,AMD
363,Adv Micro Device receives Investment Bank Analyst Rating Update,2023-12-11 00:00:00.000000,,AMD
364,Hedge funds went on stock-buying spree ahead of job data -Morgan Stanley,2023-12-11 00:00:00.000000,,AMD
365,Adv Micro Device receives Investment Bank Analyst Rating Update,2023-12-07 00:00:00.000000,,AMD
366,"AMD (AMD) Stock Trades Up, Here Is Why",2023-12-07 00:00:00.000000,,AMD
367,AMD stock jumps on new AI chip launch and market forecast,2023-12-07 00:00:00.000000,,AMD
368,Nasdaq ends sharply higher as Alphabet and AMD fuel AI surge,2023-12-07 00:00:00.000000,,AMD
369,AMD rises as analysts weigh in positively on performance of new flagship AI chip,2023-12-07 00:00:00.000000,,AMD
370,Adv Micro Device receives Investment Bank Analyst Rating Update,2023-12-07 00:00:00.000000,,AMD
371,"AI Boom Continues as Google Releases New Model, Driving Tech Rally",2023-12-07 00:00:00.000000,,AMD
372,"Midday movers: AMD, Alphabet, and more",2023-12-07 00:00:00.000000,,AMD
373,AI Hype Continues as Google's Gemini Model Fuels Investor Optimism,2023-12-07 00:00:00.000000,,AMD
374,Dogecoin leads crypto market rally with 8.34% surge,2023-12-07 00:00:00.000000,,AMD
375,"AMD forecasts $45 billion AI chip market this year, $2 billion in sales in 2024",2023-12-06 00:00:00.000000,,AMD
376,"AMD Extends Mobile PC Leadership with AMD Ryzen 8040 Series Processors and Makes Ryzen AI Software Widely Available, Advancing the AI PC Era",2023-12-06 00:00:00.000000,,AMD
377,AMD Showcases Growing Momentum for AMD Powered AI Solutions from the Data Center to PC,2023-12-06 00:00:00.000000,,AMD
378,AMD Delivers Leadership Portfolio of Data Center AI Solutions with AMD Instinct MI300 Series,2023-12-06 00:00:00.000000,,AMD
379,AMD on watch ahead of event,2023-12-06 00:00:00.000000,,AMD
380,"Midday movers: MongoDB, Citigroup, and more",2023-12-06 00:00:00.000000,,AMD
381,3 reasons why Piper Sandler just named Nvidia its new Top Large-Cap Pick,2023-12-04 00:00:00.000000,,AMD
382,5 big analyst AI moves: These 10 companies talked about AI the most on EPS calls,2023-12-03 00:00:00.000000,,AMD
383,National Security Concerns Prompt US Action on Saudi Investment in AI Chip Firm,2023-12-01 00:00:00.000000,,AMD
384,These 10 leading companies talked about AI the most on their earnings calls,2023-11-27 00:00:00.000000,,AMD
385,US export restrictions trigger AMD and NVIDIA GPU sales halt in China,2023-11-23 00:00:00.000000,,AMD
386,HP stock dips on Q4 revenue miss and printing sector woes,2023-11-22 00:00:00.000000,,AMD
387,Nvidia maintains lead in AI market as AMD faces challenges,2023-11-18 00:00:00.000000,,AMD
388,"Applied Materials shares dip, breaking two-day rally in mixed market",2023-11-16 00:00:00.000000,,AMD
389,Uniswap climbs as NVIDIA and Amplify ETF face declines,2023-11-16 00:00:00.000000,,AMD
390,AMD Brings New AI and Compute Capabilities to Microsoft Customers,2023-11-15 00:00:00.000000,,AMD
391,AMD Announces AMD Instinct MI300 Accelerator Launch Event Highlighting Rapidly Expanding Ecosystem of AI Customers and Partners,2023-11-15 00:00:00.000000,,AMD
392,"Microsoft introduces its own chips for AI, with eye on cost",2023-11-15 00:00:00.000000,,AMD
393,"UBS updates its high-conviction stock list. Latest additions include Apple, Intel and Boeing",2023-11-15 00:00:00.000000,,AMD
394,This chipmaker is the latest addition to Argus' Top Picks list,2023-11-14 00:00:00.000000,,AMD
395,"AMD started with Buy at Roth/MKM, Take-Two gains on upgrade: 4 big analyst picks",2023-11-14 00:00:00.000000,,AMD
396,Semiconductor ETFs rebound on easing rate hike concerns,2023-11-14 00:00:00.000000,,AMD
397,AMD Announces AMD Ryzen Embedded 7000 Series,2023-11-14 00:00:00.000000,,AMD
398,"Roth MKM starts Marvell Technology, AMD and Onsemi at Buy",2023-11-14 00:00:00.000000,,AMD
399,"Bernstein on AMD, Intel: The PC market continues to improve",2023-11-13 00:00:00.000000,,AMD
400,Adv Micro Device receives Investment Bank Analyst Rating Update,2023-11-13 00:00:00.000000,,AMD
401,AMD launches new Radeon PRO W7700 graphics card for professionals,2023-11-13 00:00:00.000000,,AMD
402,"AMD Announces New AMD Radeon PRO Workstation Graphics Card to Power Next-Generation Professional Content Creation, CAD and AI Applications",2023-11-13 00:00:00.000000,,AMD
403,Stock Market Today: Dow rides energy stocks to end higher ahead of inflation data,2023-11-13 00:00:00.000000,,AMD
404,Samsung set to launch SAINT chip tech to challenge TSMC,2023-11-13 00:00:00.000000,,AMD
405,Solana leads crypto market rally with nearly 12% jump,2023-11-10 00:00:00.000000,,AMD
406,China AI chip market finds expansion paths despite US export restrictions,2023-11-09 00:00:00.000000,,AMD
407,Qualcomm's Snapdragon X Elite chip set to revolutionize laptop performance,2023-11-09 00:00:00.000000,,AMD
408,AMD excluded from Motley Fool's top ten stocks despite market presence,2023-11-08 00:00:00.000000,,AMD
409,Crypto stocks show potential amidst bullish market sentiment,2023-11-08 00:00:00.000000,,AMD
410,AMD Extends 3rd Gen EPYC CPU Lineup to Deliver New Levels of Value for Mainstream Applications,2023-11-07 00:00:00.000000,,AMD
411,Cryptocurrencies and related stocks see mixed results with Ripple leading gains,2023-11-06 00:00:00.000000,,AMD
412,Apple's wishy-washy guidance; AMD's AI optimism: Weekly tech roundup,2023-11-05 00:00:00.000000,,AMD
413,Adv Micro Device receives Investment Bank Analyst Rating Update,2023-11-02 00:00:00.000000,,AMD
414,Stock Market Today: Dow ends higher as Treasury yields dive after Fed pauses again,2023-11-01 00:00:00.000000,,AMD
415,"PC market recovery gathers pace as Intel, AMD tout potential of 'AI PC'",2023-11-01 00:00:00.000000,,AMD
416,"Midday movers: Advanced Micro Devices, Generac, CVS Health and more",2023-11-01 00:00:00.000000,,AMD
417,AMD soars as AI chip sales prediction bodes well for rivalry with Nvidia,2023-11-01 00:00:00.000000,,AMD
418,"US stocks rally as Fed holds rates, prompts hope for end to hikes",2023-11-01 00:00:00.000000,,AMD
419,Adv Micro Device receives Investment Bank Analyst Rating Update,2023-11-01 00:00:00.000000,,AMD
420,Adv Micro Device receives Investment Bank Analyst Rating Update,2023-11-01 00:00:00.000000,,AMD
421,Adv Micro Device receives Investment Bank Analyst Rating Update,2023-11-01 00:00:00.000000,,AMD
422,"Market round-up: Federal Reserve weighs additional rate hikes, AMD sees demand drop",2023-11-01 00:00:00.000000,,AMD
423,Adv Micro Device receives Investment Bank Analyst Rating Update,2023-11-01 00:00:00.000000,,AMD
424,AMD dips 2% as revenue guidance falls short; Analysts remain cautious amid rich valuation,2023-11-01 00:00:00.000000,,AMD
425,Cryptocurrencies Face Downturn While Select Stocks See Uptick,2023-11-01 00:00:00.000000,,AMD
426,"Earnings call: AMD boasts strong Q3 results, anticipates robust Data Center growth",2023-11-01 00:00:00.000000,,AMD
427,Adv Micro Device receives Investment Bank Analyst Rating Update,2023-11-01 00:00:00.000000,,AMD
428,Adv Micro Device receives Investment Bank Analyst Rating Update,2023-11-01 00:00:00.000000,,AMD
429,U.S. stock futures falter ahead of Federal Reserve's policy decision,2023-11-01 00:00:00.000000,,AMD
430,Adv Micro Device receives Investment Bank Analyst Rating Update,2023-11-01 00:00:00.000000,,AMD
431,Adv Micro Device receives Investment Bank Analyst Rating Update,2023-11-01 00:00:00.000000,,AMD
432,"Fed decision looms, futures slip, AMD reports - what's moving markets",2023-11-01 00:00:00.000000,,AMD
433,"AMD forecasts $2 billion sales of AI chips, helping shares rebound",2023-10-31 00:00:00.000000,,AMD
434,"Apple unveils M3 chip series, intensifying competition in ARM-based PC market",2023-11-01 00:00:00.000000,,AMD
435,AMD (NASDAQ:AMD) Posts Better-Than-Expected Sales In Q3 But Quarterly Guidance Underwhelms,2023-10-31 00:00:00.000000,,AMD
436,"AMD earnings beat by $0.02, revenue topped estimates",2023-10-31 00:00:00.000000,,AMD
437,"Stock Market Today: Dow ends higher, but can't escape 3rd monthly loss; Fed eyed",2023-10-31 00:00:00.000000,,AMD
438,AMD Q3 results eyed as AI-driven future looms,2023-10-31 00:00:00.000000,,AMD
439,"After-hours movers: Paycom sinks on weak guidance, First Solar gains",2023-10-31 00:00:00.000000,,AMD
440,S&P 500 climbs as focus shifts to Fed meeting,2023-10-31 00:00:00.000000,,AMD
441,"Qualcomm unveils Snapdragon X, intensifying competition in PC processor market",2023-10-31 00:00:00.000000,,AMD
442,Adv Micro Device receives Investment Bank Analyst Rating Update,2023-10-31 00:00:00.000000,,AMD
443,"U.S. stocks fall, on pace to close out October on a down note",2023-10-31 00:00:00.000000,,AMD
444,"Fed meeting in focus, Chinese factory data disappoints -- what's moving markets",2023-10-31 00:00:00.000000,,AMD
445,"AMD earnings, Caterpillar, Anheuser Busch InBev: 3 things to watch",2023-10-30 00:00:00.000000,,AMD
446,Qualcomm's Snapdragon X Elite chip challenges tech giants in notebook arena,2023-10-30 00:00:00.000000,,AMD
447,AMD (AMD) To Report Earnings Tomorrow: Here Is What To Expect,2023-10-30 00:00:00.000000,,AMD
448,"Cryptocurrencies and related stocks on the rise, Solana leads the pack",2023-10-30 00:00:00.000000,,AMD
449,"Wall Street Braces For Busy Week With Central Bank Decisions, Earnings Releases And Treasury Statement",2023-10-30 00:00:00.000000,,AMD
450,"Dow Jones, Nasdaq, S&P 500 weekly preview: Fed, Apple and NFP in spotlight",2023-10-30 00:00:00.000000,,AMD
451,Wall Street ends mixed at close of earnings-packed week,2023-10-27 00:00:00.000000,,AMD
452,"Intel gains 6% immediately following results, numbers lift AMD",2023-10-26 00:00:00.000000,,AMD
453,Qualcomm unveils new PC laptop chip with AI features for 2024,2023-10-24 00:00:00.000000,,AMD
454,Qualcomm unveils Snapdragon X Elite to challenge Intel and Apple,2023-10-24 00:00:00.000000,,AMD
455,Nvidia And Amd Set Sights On Arm-Based CPU Market by 2025,2023-10-24 00:00:00.000000,,AMD
456,Intel stock selloff continues as analysts discuss implications from Reuters report,2023-10-24 00:00:00.000000,,AMD
457,Exclusive-Nvidia to make Arm-based PC chips in major new challenge to Intel,2023-10-23 00:00:00.000000,,AMD
458,"Semiconductor sector faces downturn, eyes Q3 earnings for potential rebound",2023-10-23 00:00:00.000000,,AMD
459,Crypto and tech stocks see mixed results in Monday's trading,2023-10-23 00:00:00.000000,,AMD
460,Adv Micro Device receives Investment Bank Analyst Rating Update,2023-10-20,"Bidenomics has strapped this country with unprecedented debt and erased a trillion dollars in retirement savings. No thinking person would EVER believe that this president has improved our national economic situation. | The only real fix is to vote out the democrats aka communist party. The American people really need to wake up. | Bidenomics has bright inflation down to 3.5% while the rest of the world is still struggling with out of control inflation. | Slips? ES broke below its major trendline today. Major news for traders and investors. | Under ‚ÄúBidenomics,‚Äù prices are up 16.6%, real wages are down 3%, interest rates are at their highest in 22 years, and the U.S. credit rating was just downgraded, 1 Aug which means cost for borrowing will increase.",AMD
461,AMS‚Äôs MI300x AI Microchip Challenges Nvidia‚Äôs Market Dominance,2023-10-20,"sell all sell | The global economy is becoming more interconnected. | Google is the best winner, looking at amzn vs. aapl earnings results. overall, looking great. | The oil rally is intact, despite all noise coming from the media, including ‚Äúinvesting‚Äù site. | AMZN is already up 50% YTD and is trading at a massive P/E, it has basically factored in 20 years of growth at this point. | shock and awe, goldilocks | OMG Amazon has nothing special going on in Q2 and hopes they do better in Q3?!?! Better add another trillion to market cap!",AMD
462,AMD Introduces New AMD Ryzen Threadripper 7000 Series Processors and Ryzen Threadripper PRO 7000 WX-Series Processors,2023-10-19,"OMG AMZN projects they might do well in Q3?! WOW! Glad an unbiased source such as AMZN is projecting they might do well in Q3, definitely add another trillion to market cap! | rigged",AMD
463,AMD Introduces Fastest AMD Radeon Laptop Graphics Ever,2023-10-19,"&quot;Bidenomics&quot;, the U.S. Now Has: 1. Record $17.1 trillion in household debt 2. Record $12.0 trillion in mortgages 3. Record $1.6 trillion in auto loans 4. Record $1.6 trillion in student loans 5. Record $1.0 trillion in credit card debt Total mortgage debt is now more than double the 2006 peak. Meanwhile, 36% of Americans have more credit card debt than savings while student loan payments are set to resume for the first time since 2020. This is all while mortgage rates just hit 7.1% and credit card debt rates hit a record 25%. We are &quot;fighting&quot; inflation with debt. | Moody's bank downgrade / US debt downgrade.. and the DOW miraculously still above 35K. Must be the 'robust' economy...lol",AMD
464,Nvidia‚Äôs AI Dominance Questioned Amid Competition Surge,2023-10-18,Anaylsts don't know anything,AMD
465,Analysis-US throws Nvidia a lifeline while choking off China's chipmaking future,2023-10-18,"AMZN is a retail stock, not a tech stock. | Enjoy Amazon waves before it hit the recession wall ......",AMD
466,Chip stocks fall as U.S. moves to close loopholes in effort to curb AI chip exports to China,2023-10-17,And yet ARM 's revenue dropped......,AMD
467,"US Equities Navigate Pre-election Turbulence, Eyeing Potential Recovery",2023-10-17,Definitely a buying opportunity for AMD after lowered worse than last tear earnings,AMD
468,"China Says ""Firmly Opposes"" Export Restrictions Imposed by U.S. on Advanced AI Chips - Chinese Embassy in Washington",2023-10-17,"Not blocked chip sales, Biden?  Then what do you call it? | Middle esst is a cesspool, we should not give them anything",AMD
469,Stronger-than-expected September notebook sales are a clear positive for these two chipmakers - Citi,2023-10-17,Apple and AMD claimed the AI hype and demand will deliver exceptional earnings growth last quarter and seems they are repeating the same rosy growth prediction this quarter as both beat the lowered earnings forecast that's worse than last year pre AI craze quarter........,AMD
470,AMD Stock Holds Firm Amid US Semiconductor Curbs and Market Skepticism,2023-10-16,,AMD
471,Chip stocks fall as U.S. prepares to strengthen export restrictions on China,2023-10-16,,AMD
472,Crypto Market Rises While Tech Shares Falter,2023-10-13,,AMD
473,Qualcomm Set to Challenge Apple With New Snapdragon X Chips,2023-10-12,,AMD
474,"Crypto Market Sees Mixed Trends; Bitcoin, Some Tech Stocks Defy Broader Decline",2023-10-12,,AMD
475,NVIDIA and AI-Focused Chip Stocks Set for Robust Earnings Season,2023-10-11,,AMD
476,AMD to acquire AI software startup in effort to catch Nvidia,2023-10-10,,AMD
477,AMD to buy open-source AI software maker Nod.ai,2023-10-10,,AMD
478,Adv Micro Device receives Investment Bank Analyst Rating Update,2023-10-10,,AMD
479,AMD to Acquire Nod.ai,2023-10-10,,AMD
480,"Significant Crypto and Tech Stocks Tumble, Bitcoin Hits $27,517.90",2023-10-09,,AMD
481,ChatGPT-owner OpenAI is exploring making its own AI chips -sources,2023-10-06,,AMD
482,"Some US Lawmakers Urge Biden Administration To Restrict American Companies From Working On RISC-V Chip Technology, Widely Used In China - Reuters",2023-10-06,,AMD
483,Adv Micro Device receives Investment Bank Analyst Rating Update,2023-10-05,,AMD
484,Samsung May Terminate Its Partnership With AMD As It Pushes Development Of Its Own Custom Smartphone GPU - wccftech,2023-10-04,,AMD
485,"Key insights from AMD's CTO at Mizuho Software Conference 2023, AI in Focus",2023-10-02,,AMD
486,Biden Administration Warned Beijing To Expect Updated Rules Curbing Shipments Of AI Chips And Chipmaking Tools To China As Soon As Early October- U.S. Official - Reuters,2023-10-02,,AMD
487,"Bitcoin drives cryptocurrency surge, lifting related stocks",2023-10-02,,AMD
488,Stock Market Today: Dow ends higher as dip buyers target tech amid easing yields,2023-09-28,,AMD
489,"Microsoft CTO discusses NVIDIA, AMD AI chips",2023-09-28,,AMD
490,"S&P 500 rides tech higher as yields pause rally ahead of Powell, inflation data",2023-09-28,,AMD
491,Biden plans $100 million drive to combat drug-resistant 'superbugs',2023-09-27,,AMD
492,"AMD Unveils Purpose-Built, FPGA-Based Accelerator for Ultra-Low Latency Electronic Trading",2023-09-27,,AMD
493,NVIDIA‚Äôs AI-Driven Sales Surge Faces Potential Production and Competition Challenges,2023-09-22,,AMD
494,Arm Holdings faces valuation concerns after successful IPO,2023-09-20,,AMD
495,AI startup SambaNova launches new chip designed for higher quality AI,2023-09-19,,AMD
496,Cryptocurrency market sees uptrend as major digital currencies record gains,2023-09-19,,AMD
497,Oracle to use Ampere's newest chips in its cloud offering,2023-09-19,,AMD
498,"Arm Holdings makes strong Nasdaq debut, shares surge over 20%",2023-09-15,,AMD
499,GeForce GPUs see first major price cut amid competition from AMD Radeon,2023-09-15,,AMD
500,Nvidia's RTX 4070 sees price drop amid competition from AMD's RX 7800 XT,2023-09-15,,AMD
501,Factbox-SoftBank's Arm by the numbers,2023-09-15,,AMD
502,SoftBank-backed Arm's long march to nearly $60 billion Nasdaq debut,2023-09-14,,AMD
503,"Midday movers: Arm Holdings, AMC Entertainment, Carnival and more",2023-09-14,,AMD
504,Semiconductor stocks rise as artificial intelligence sector gains momentum,2023-09-14,,AMD
505,SoftBank's Arm valued at $54.5 billion in year's biggest IPO,2023-09-14,,AMD
506,AMD's RX 7600 XT: New contender in mid-range GPU market,2023-09-13,,AMD
507,TSMC approves $100m investment in Arm's anticipated IPO,2023-09-12,,AMD
508,AMD/Intel guidance comments and other top takeaways from Goldman's tech conference,2023-09-11,,AMD
509,TSMC struggles to meet surging demand for AI accelerators amid chip packaging shortage,2023-09-08,,AMD
510,NASDAQ extends losses for fourth day amid interest rate concerns,2023-09-07,,AMD
511,Factbox-U.S IPO market poised for strong finish in 2023 amid a flurry of listings,2023-09-07,,AMD
512,TSMC shares drop amid tech sector weakness and China's iPhone crackdown,2023-09-07,,AMD
513,"TSMC considers investment in Arm Holdings' IPO, shows confidence in Arizona plant",2023-09-06,,AMD
514,"Arm targets $52.3 billion valuation in upcoming IPO, attracting Big Tech interest",2023-09-05,,AMD
515,"Sapphire to carry AMD's Radeon RX 7800 XT reference design, new graphics cards to rival NVIDIA",2023-09-05,,AMD
516,SoftBank's Arm launches IPO courting T Rowe in $52 billion valuation ask,2023-09-05,,AMD
517,"Arm Holdings starts roadshow for blockbuster IPO, targeting $52 billion valuation",2023-09-05,,AMD
518,SoftBank's Arm starts IPO road show in Baltimore to court T. Rowe Price,2023-09-05,,AMD
519,Arm scales down New York listing amid investor valuation concerns,2023-09-05,,AMD
520,SoftBank's Arm seeks IPO valuation of nearly $52 billion,2023-09-05,,AMD
521,Arm Holdings: Key facts about the highly anticipated IPO,2023-09-05,,AMD
522,AMD's Radeon RX 7800 XT graphics cards to hit the market with unique strategy,2023-09-04,,AMD
523,Exclusive: SoftBank's Arm to ask for $47 to $51 per share in IPO,2023-09-02,,AMD
524,Exclusive-Arm signs up big tech firms for IPO at $50 billion-$55 billion valuation -sources,2023-09-01,,AMD
525,Arm signs up big tech firms including Apple and NVIDIA for IPO at $50-$55 billion valuation - Reuters,2023-09-01,,AMD
526,Google DeepMind co-founder calls for US to enforce AI standards - FT,2023-09-01,,AMD
527,US curbs AI chip exports from Nvidia and AMD to some Middle East countries,2023-08-31,,AMD
528,U.S. denies blocking chip sales to Middle East,2023-08-31,,AMD
529,"NVIDIA , other AI stocks gain",2023-08-29,,AMD
530,Intel says new 'Sierra Forest' chip to more than double power efficiency,2023-08-28,,AMD
531,"Citi sees risk to consensus estimates for AMD, Intel, and these 3 other chip stocks",2023-08-28,,AMD
532,"AMD Radeon RX 7800 XT and Radeon RX 7700 XT Graphics Cards Deliver High-Performance, Visually Stunning 1440p Gaming Experiences",2023-08-25,,AMD
533,"Nvidia's $25 billion buyback plan, results lift stock to record high",2023-08-24,,AMD
534,NVIDIA results lifts other chip stocks,2023-08-23,,AMD
535,Nvidia's forecast lifts AI stocks and Nasdaq futures,2023-08-23,,AMD
536,Analysis-Arm's clients turn IPO into tug of war for chip influence,2023-08-22,,AMD
537,"Nvidia earnings will be major test for AI demand, market rally",2023-08-21,,AMD
538,AMD Showcases Continued Enterprise Data Center Momentum with EPYC CPUs and Pensando DPUs,2023-08-21,,AMD
539,AMD Showcases Leadership Cloud Performance with New Amazon EC2 Instances Powered by 4th Gen AMD EPYC Processors,2023-08-18,,AMD
540,S&P 500 slips as Treasury yields take flight on fears of further Fed tightening,2023-08-16,,AMD
541,Morgan Stanley is adding to its position in this major chip stock,2023-08-10,,AMD
542,AMD Zen CPUs hit by major security flaw - Report,2023-08-09,,AMD
543,Stock market today: Dow ends lower as Moody's bank downgrade bites,2023-08-08,,AMD
544,S&P 500 slips as banks stumble on ratings downgrade,2023-08-08,,AMD
545,"This week in tech: Amazon 'fired on all cylinders' in Q2; Apple, PayPal sink",2023-08-06,,AMD
546,"5 big analyst AI moves: AMD opportunity, Adobe upgrade, ServiceNow potential",2023-08-04,,AMD
547,Morgan Stanley sees a buying opportunity in AMD after earnings selloff,2023-08-04,,AMD
548,Adv Micro Device receives Investment Bank Analyst Rating Update,2023-08-04,,AMD
549,4 big earnings hits: Apple's iPhone letdown; AMD fretting,2023-08-04,,AMD
550,Adv Micro Device receives Investment Bank Analyst Rating Update,2023-08-03,,AMD
551,Stock market today: Dow ends lower as Treasury yields jump ahead of jobs report,2023-08-03,,AMD
552,"S&P 500 off session lows on dip buying in chips ahead of Apple, Amazon earnings",2023-08-03,,AMD
553,AMD Announces Radeon PRO W7000 Series Workstation Graphics Cards,2023-08-03,,AMD
554,AMD shares fall as analysts worry AI chip targets may be ambitious,2023-08-02,,AMD
555,"Midday movers: SolarEdge Technologies, AMD, Starbucks, CVS Health and more",2023-08-02,"Thank you, Senad, for not just regurgitating the latest call and adding some context of recent history. | Great company but overpriced with best case scenarios. | Analysts are lame | Taking all in perspective, AMDs fundamentals are prone for a solid passive GAAP jump in 2024. Demand is peaking in 1H/23 while xilinx amortizations and sbcs are peaking in FY2023 which will &quot;passively&quot; boost FY GAAP by roughly 0.8 - 1.5bn.",AMD
556,Adv Micro Device receives Investment Bank Analyst Rating Update,2023-08-02,"AI? You mean the super duper smart AI that can't even fight a few fake accounts on Twitter? Or the one that gives you search results without showing sources? Come on people, really? | PE goes from 60 to 180 in six months with pumping the AI bull**** while everyone with market expertise is looking at the money to be made not from its stellar performance but from shorting when it goes down. Those warning of the danger of AI are also those selling it, warn and mugs will buy in  as the think its more powerful than it really is and are getting in early. The intelligence of those buying to hold is as artificial as the price lol. | what a scam, bubble about to burst, AI is a long way, nothing to do with earnings until 10 years from now",AMD
557,U.S. stocks are falling as debt rating cut sours the mood,2023-08-02,,AMD
558,"Fitch downgrades U.S. credit rating, AMD's AI chip plans - what's moving markets",2023-08-02,"https://time.com/6247678/openai-chatgpt-kenya-workers/ | Write the news according to what the algos are doing. | Sea of green ayayaya | This is honestly hilarious | The problem is that most of Wall Street traders now have never had a time in their career where interest rates have not been at rock bottom. So they genuinely believe that rates will go back to rock bottom next year. They are not living in reality. | DownJones and Russell were overlooked. Apparently, they have become insignificant indices for the US economy. The US will now only eat AI, live on AI, work with AI... oops, not work... because AI will lay off many people. | SP 500 cannot pass 4200 points and still says that &quot;S&amp;P 500 in rally mode&quot; ??  Rally for just one company?? Oh Ok. | Wait until the next rate hike. | melt up headlines :) lol meme stocks, melt up, to da moon. ah it's soooo good to be short:) | Nice to see one company dictating the entire global economy.  Another &quot;late trade&quot; magic show in the BIGGEST INVESTMENT JOKE IN THE WORLD.",AMD
559,"After-hours movers: AMD gains following results, Camping World falls",2023-08-01,Earnings forevast lowered than ladt year,AMD
560,"AMD earnings beat by $0.01, revenue topped estimates",2023-08-01,"Overvalued | what a joke,like biden.",AMD
561,"TSMC leads in advanced chip packaging wars, LexisNexis patent data says",2023-08-01,HL,AMD
562,U.S. stocks were wobbling as investors take in megacap earnings,2023-08-01,Still looking why up 6%  today | outperform in manipulative news? | scam is a word you see in comments for every single stock lol | scam pump...,AMD
563,"Dow futures slip; Caterpillar earnings, JOLTs data in focus",2023-08-01,UCO before Tuesday when oil hits $85 | Economic indicators suggest moderate growth. | The entire market is built on 5 or so stocks. | Thank you for contacting Abdulsalam! Please let us know how we can help you.,AMD
564,"Busy earnings day, Meta reportedly prepares AI chatbot - what's moving markets",2023-08-01,Good news before QR..... sound fishy,AMD
565,Marketmind: Testing the 'Goldilocks' view of the global economy,2023-08-01,,AMD
566,"Wall Street holds gains ahead of earnings, jobs data",2023-07-31,,AMD
567,"Dow Jones, Nasdaq, S&P 500 weekly preview: Citi boosts SPX target",2023-07-31,,AMD
568,"AMD earnings, Uber Technologies, Pfizer reports: 3 things to watch",2023-07-31,,AMD
569,Adv Micro Device receives Investment Bank Analyst Rating Update,2023-07-31,,AMD
570,U.S. lawmakers urge Biden administration to tighten AI chip export rules,2023-07-31,,AMD
571,"Amazon and Apple earnings ahead, U.S. jobs report looms -- what's moving markets",2023-07-31,,AMD
572,Intel results boost chip stocks on optimism PC market slump is ending,2023-07-28,,AMD
573,U.S. lawmakers urge Biden administration to tighten AI chip export rules,2023-07-28,,AMD
574,U.S. chipmaker AMD to invest $400 million in India by 2028,2023-07-28,,AMD
575,U.S. chipmaker AMD to invest $400 million in India by 2028,2023-07-28,,AMD
576,AMD to Invest $400M in R&D in India,2023-07-28,,AMD
577,"Intel turns unexpected profit, higher forecast as PC market slide slows",2023-07-27,,AMD
578,Chip stocks gain as Samsung SDI beats expectations,2023-07-27,,AMD
579,"Fed raises rates, Meta beats expectations, Intel on tap - what's moving markets",2023-07-27,,AMD
580,"Driven by AI boom, TSMC to invest $2.9 billion in advanced chip plant in Taiwan",2023-07-24,,AMD
581,"Cadence lifts full-year forecast, shares dip on short-term outlook",2023-07-24,,AMD
582,AMD 'by far the most controversial stock' - Citi,2023-07-24,,AMD
583,Adv Micro Device receives Investment Bank Analyst Rating Update,2023-07-24,,AMD
584,NVIDIA stock could hit $769 on ~$300 billion AI opportunity by 2027 - Mizuho,2023-07-24,,AMD
585,Barclays expects Nvidia to keep delivering 'significant beats-and-raises' over the next new quarters,2023-07-20,,AMD
586,Barclays expects Nvidia to keep delivering 'significant beats-and-raises' over the next new quarters,2023-07-20,,AMD
587,4 big analyst picks: AMD called a 'Top Pick' at Wolfe; Cisco upped at JPMorgan,2023-07-20,,AMD
588,Adv Micro Device receives Investment Bank Analyst Rating Update,2023-07-19,,AMD
589,AMD receives Investment Bank Analyst Rating Update,2023-07-19,,AMD
590,Wells Fargo 'cautious' on AMD stock into Q2 earnings amid guidance risk,2023-07-18,,AMD
591,Adv Micro Device receives Investment Bank Analyst Rating Update,2023-07-18,,AMD
592,Adv Micro Device receives Investment Bank Analyst Rating Update,2023-07-18,,AMD
593,"There are risks for AMD and Intel in 2H, claims Barclays",2023-07-11,,AMD
594,Adv Micro Device receives Investment Bank Analyst Rating Update,2023-07-11,,AMD
595,AMD Reports SAP Chose AMD EPYC for Applications Hosted on Google Cloud,2023-07-11,,AMD
596,AMD Appoints Phil Guido as Chief Commercial Officer,2023-07-10,,AMD
597,Adv Micro Device receives Investment Bank Analyst Rating Update,2023-07-10,,AMD
598,Citi says Nvidia will have a 90%+ market share in AI chips market,2023-07-10,,AMD
599,AMD receives Investment Bank Analyst Rating Update,2023-07-10,,AMD
600,4 big analyst picks: Rivian sheds Underperform rating on upbeat headlines,2023-07-06,,AMD
601,Advanced Micro Devices stock upgraded as Northland says 'AI multiple' is coming,2023-07-05,,AMD
602,Adv Micro Device receives Investment Bank Analyst Rating Update,2023-07-05,,AMD
603,Taiwan-based Chroma seen as major winner from Nvidia and AMD's surging AI GPU demand,2023-07-03,,AMD
604,This week in tech: AI could face fresh U.S. regulations; Apple gets past $3T,2023-07-02,,AMD
605,"AMD's AI chips could match Nvidia's offerings, software firm says",2023-06-30,,AMD
606,"4 big analyst picks: Citi bullish on Apple, sees 30% upside",2023-06-30,,AMD
607,"Oracle spending 'billions' on GPUs from Nvidia , but 3x that on CPUs from AMD and Ampere",2023-06-29,,AMD
608,Chipmakers dominate Rosenblatt's Best Ideas for 2H 2023 list,2023-06-29,,AMD
609,US mulls new export restriction on computing power in AI chips,2023-06-29,,AMD
610,Chip stocks drop as U.S. mulls fresh curbs on AI access to China,2023-06-28,,AMD
611,Oracle extends its flagship database to Ampere's computing chips,2023-06-28,,AMD
612,"Nvidia, AMD stocks hit on report of China AI chip restrictions",2023-06-28,,AMD
613,"Midday movers: Nvidia, AeroVironment, General Mills and more",2023-06-28,,AMD
614,U.S. stocks are mixed after Powell signals possible rate hikes,2023-06-28,,AMD
615,"U.S. futures edge lower with central bankers, chip wars in focus",2023-06-28,,AMD
616,"U.S. futures edge lower with central bankers, chip wars in focus",2023-06-28,,AMD
617,"Futures slip, central bankers, Nvidia hit by China curbs - what's moving markets",2023-06-28,,AMD
618,"U.S. considers new curbs on AI chip exports to China, NVIDIA falls",2023-06-27,,AMD
619,US considering new restrictions on AI chip exports to China - WSJ,2023-06-27,,AMD
620,AMD Introduces World‚Äôs Largest FPGA-Based Adaptive SoC for Emulation and Prototyping,2023-06-27,,AMD
621,SoftBank shares rise as Son flags ‚Äòoffense mode‚Äô in AI push,2023-06-21,,AMD
622,This week in tech: Oracle and Adobe serve up earnings beats; AMD's AI reveal,2023-06-18,,AMD
623,"NVIDIA is AI Top Pick, will be in 'beat-and-raise environment for a while,' Morgan Stanley raises targets across the board",2023-06-16,,AMD
624,China's Xi Tells Bill Gates He Welcomes US AI Tech In China - Reuters,2023-06-16,,AMD
625,Adv Micro Device receives Investment Bank Analyst Rating Update,2023-06-16,,AMD
626,Adv Micro Device receives Investment Bank Analyst Rating Update,2023-06-15,,AMD
627,US stocks end mixed after Fed signals more rate hikes to come,2023-06-14,,AMD
628,Adv Micro Device receives Investment Bank Analyst Rating Update,2023-06-14,,AMD
629,Stock market today: Dow ends lower as Fed signals more hikes ahead,2023-06-14,,AMD
630,AMD shares edge higher as analysts weigh prospects for new AI chip,2023-06-14,,AMD
631,Adv Micro Device receives Investment Bank Analyst Rating Update,2023-06-14,,AMD
632,Adv Micro Device receives Investment Bank Analyst Rating Update,2023-06-14,,AMD
633,Adv Micro Device receives Investment Bank Analyst Rating Update,2023-06-14,,AMD
634,Adv Micro Device receives Investment Bank Analyst Rating Update,2023-06-14,,AMD
635,Adv Micro Device receives Investment Bank Analyst Rating Update,2023-06-14,,AMD
636,Amazon's AWS is considering AMD's new AI chips - Reuters,2023-06-14,,AMD
637,Amazon's Cloud Unit Is Considering AMD's New Ai Chips - Reuters,2023-06-14,,AMD
638,"Midday movers: Logitech, UnitedHealth Group, Advanced Micro Devices and more",2023-06-14,,AMD
639,Adv Micro Device receives Investment Bank Analyst Rating Update,2023-06-14,,AMD
640,Adv Micro Device receives Investment Bank Analyst Rating Update,2023-06-14,,AMD
641,Adv Micro Device receives Investment Bank Analyst Rating Update,2023-06-14,,AMD
642,Adv Micro Device receives Investment Bank Analyst Rating Update,2023-06-14,,AMD
643,Adv Micro Device receives Investment Bank Analyst Rating Update,2023-06-14,,AMD
644,Exclusive-Amazon's cloud unit is considering AMD's new AI chips,2023-06-14,,AMD
645,Explainer-Why are Nvidia's shares soaring and what is its role in the AI boom?,2023-06-14,,AMD
646,Explainer-Why are Nvidia's shares soaring and what is its role in the AI boom?,2023-06-14,,AMD
647,"Activision, Alphabet, UnitedHealth fall premarket; Tesla rises",2023-06-14,,AMD
648,AMD reveals new AI chip challenging Nvidia‚Äôs dominance,2023-06-14,,AMD
649,AMD Announces New MI300X GPU-only AI Accelerator - Bloomberg,2023-06-13,,AMD
650,"With no big customers named, AMD's AI chip challenge to Nvidia remains uphill fight",2023-06-13,,AMD
651,US stocks end higher as inflation data cements bets on rate hike pause,2023-06-13,,AMD
652,"AMD Hits Low, Down 1%",2023-06-13,,AMD
653,AMD Expands 4th Gen EPYC CPU Portfolio with Leadership Processors for Cloud Native and Technical Computing Workloads,2023-06-13,,AMD
654,AMD Reimagines Cloud Performance with 4th Gen AMD EPYC Processors with AWS,2023-06-13,,AMD
655,AMD Expands Leadership Data Center Portfolio with New EPYC CPUs and Shares Details on Next-Generation AMD Instinct Accelerator and Software Enablement for Generative AI,2023-06-13,,AMD
656,U.S. stocks are rising after cooler-than-expected inflation data as Fed meets,2023-06-13,,AMD
657,Advanced Micro Devices Announces Mobile and Desktop Processors for Business Users,2023-06-13,,AMD
658,"Oracle, Intel, Manchester United rise premarket; Apple falls",2023-06-13,,AMD
659,"Intel reportedly in talks to be anchor investor in Arm IPO, sending shares higher",2023-06-13,,AMD
660,Advanced Micro Devices established itself as closest competitor to NVDA in AI hardware - Wedbush,2023-06-12,,AMD
661,Adv Micro Device receives Investment Bank Analyst Rating Update,2023-06-12,,AMD
662,Adv Micro Device receives Investment Bank Analyst Rating Update,2023-06-12,,AMD
663,Adv Micro Device receives Investment Bank Analyst Rating Update,2023-06-12,,AMD
664,Adv Micro Device receives Investment Bank Analyst Rating Update,2023-06-12,,AMD
665,U.S. stocks end a tad higher as Tesla rallies,2023-06-09,,AMD
666,Retail traders tiptoe back into U.S. stocks after 3-month hiatus,2023-06-09,,AMD
667,Adv Micro Device receives Investment Bank Analyst Rating Update,2023-06-08,,AMD
668,"US stocks end up as Fed, CPI loom large next week",2023-06-06,,AMD
669,"AMD Outperforms Nasdaq, Up 2.25%",2023-06-06,,AMD
670,Adv Micro Device receives Investment Bank Analyst Rating Update,2023-06-06,,AMD
671,Adv Micro Device receives Investment Bank Analyst Rating Update,2023-06-05,,AMD
672,Short Sellers Lose 92% of Every Dollar Bet Against Chip Stocks,2023-06-01,,AMD
673,"Semi shorts down $18 billion in mark-to-market losses in 2023, S3 Partners says",2023-06-01,,AMD
674,Adv Micro Device receives Investment Bank Analyst Rating Update,2023-05-31,,AMD
675,"AMD Underperforms Nasdaq, Down 2.5%",2023-05-30,,AMD
676,"Despite Nvidia's rally, some say the stock is actually cheaper",2023-05-30,,AMD
677,"Despite Nvidia's rally, some say the stock is actually cheaper",2023-05-30,,AMD
678,Explainer-Why are Nvidia's shares soaring and what is its role in the AI boom?,2023-05-30,,AMD
679,Canadian AI computing startup Tenstorrent and LG partner to build chips,2023-05-30,,AMD
680,Nvidia to build Israeli supercomputer as AI demand soars,2023-05-29,,AMD
681,This week in tech: The Nvidia-led surge,2023-05-28,,AMD
682,Chip giant Nvidia nears trillion-dollar status on AI bet,2023-05-25,,AMD
683,Semiconductor index surges with Nvidia leading race to AI 'gold rush',2023-05-25,,AMD
684,Wall Street ends higher as Nvidia sparks rush for AI stocks,2023-05-25,,AMD
685,Explainer-Why are Nvidia's shares soaring and what is its role in the AI boom?,2023-05-25,,AMD
686,"Stock market today: Dow closes slightly lower as energy, Intel slump weigh",2023-05-25,,AMD
687,Cathie Wood‚Äôs ARKK Dumped Nvidia Stock Before $560 Billion Surge,2023-05-25,,AMD
688,S&P 500 in rally mode as Nvidia's blowout guidance sparks tech melt-up,2023-05-25,,AMD
689,"Midday movers: Nvidia, Illumina, American Eagle Outfitters and more",2023-05-25,,AMD
690,Marketmind: AAA fears vie with AI frenzy,2023-05-25,,AMD
691,Nvidia‚Äôs Asian suppliers rally on positive AI-fuelled outlook,2023-05-25,,AMD
692,"After-hours movers: NVIDIA explodes higher on massive guidance hike, Snowflake falls on disappointing results",2023-05-24,,AMD
693,AMD Trades Higher in Sympathy with NVIDIA,2023-05-24,,AMD
694,Nvidia's results spark nearly $300 billion rally in AI stocks,2023-05-24,,AMD
695,"AMD Introduces AMD Radeon RX 7600 Graphics Card for Superb, Next-Gen 1080p Gaming",2023-05-24,,AMD
696,"AMD Climbs 2.5%, Hits 52-Week High",2023-05-23,,AMD
697,AMD share gain against Nvidia in AI accelerator market is 'effectively zero' - BofA,2023-05-23,,AMD
698,Top 500 supercomputers list shows positive trends for NVIDIA - BofA,2023-05-23,,AMD
699,Adv Micro Device receives Investment Bank Analyst Rating Update,2023-05-23,,AMD
700,"AMD Announces New AMD Ryzen 7020 C-Series Processors Bring Fast Performance, Longer Battery Life, and Advanced RDNA 2 Graphics to Chromebook Users",2023-05-23,,AMD
701,New Radeon RX 7600 price and specs leaks could spell disaster for AMD - Techradar,2023-05-22,,AMD
702,"AMD Trades at High, Up 2.5%",2023-05-22,,AMD
703,Intel gives details on future AI chips as it shifts strategy,2023-05-22,,AMD
704,"Nvidia chips away at Intel, AMD turf in supercomputers",2023-05-22,,AMD
705,"Just 2 weeks after downgrading shares, BofA now says AMD stock could rally 40%",2023-05-19,,AMD
706,"Nvidia, AMD, Micron lead chip sector higher with AI, Japan in focus",2023-05-18,,AMD
707,U.S. semiconductor correction has another quarter or 2 to go - Bernstein,2023-05-16,,AMD
708,AMD Shares Top $100,2023-05-16,,AMD
709,Adv Micro Device receives Investment Bank Analyst Rating Update,2023-05-10,,AMD
710,"AMD Trades at High, Up 4.6%",2023-05-10,,AMD
711,"Chipmaker GlobalFoundries forecasts downbeat quarter, shares fall",2023-05-09,,AMD
712,"AMD Shares Outperform Nasdaq, Up 3.6%",2023-05-08,,AMD
713,This week in tech: A banner week for Apple; whiplash for AMD,2023-05-07,,AMD
714,AMD trims some gains as Microsoft denies it is part of Athena,2023-05-05,,AMD
