headline,date,comments,type
Rambus to Present at Upcoming Investor Conferences,2024-05-14,Short $39 target,RMBS
Rambus director Eric Stang sells over $643k in company stock,2024-05-08,"DOLLARS = MONKEY MONEY. With the huge level of debts and enormous stress on credits, it has become fondamental that the dollar remains the king of the univers but that fight is going to be lost, it is just a matter of time, this is why now the big banks like JP Morgan and others invested so much on bitcoin, asked for creating an ETF as they want to become the strongest players in order to control the price of thes major cryptos assets considering the volumes and the increasing adoption. The US500 &amp; US100 indices are totally under control, don't worry.so why not the rest ? The 401K plans cannot be financed with a good short selling ? So what are you waitling for a major correction dudes ? . | Blockchain technology is disrupting traditional finance. |  |  |  |  |  |  |  |  |  |  |  |  |  |  |  |  | ",RMBS
"Earnings call: Rambus Q1 2024 results show solid performance, growth",2024-04-30,,RMBS
Rambus launches DDR5 server PMICs for AI workloads,2024-04-29,,RMBS
"Rambus earnings missed by $0.14, revenue fell short of estimates",2024-04-29,,RMBS
"After-hours movers: NXP Semiconductors, F5 Networks, Coursera and more",2024-04-29,,RMBS
Rambus CEO Luc Seraphin sells over $300k in company stock,2024-04-16,,RMBS
Rambus Inc receives Investment Bank Analyst Rating Update,2024-05-13,,RMBS
Rambus Expands Chipset for Advanced Data Center Memory Modules with DDR5 Server PMICs,2024-04-29,Desperate time need desperate üêÇüí©,RMBS
Rambus CEO Luc Seraphin sells shares worth over $920k,2024-04-10,,RMBS
Rambus to Announce First Quarter Fiscal Year 2024 Results,2024-04-08,,RMBS
Rambus CEO Luc Seraphin sells shares worth $899k,2024-04-02,,RMBS
Rambus executive sells over $247k in company stock,2024-03-27,,RMBS
Rambus CEO Luc Seraphin sells company shares worth over $940k,2024-03-27,,RMBS
Rambus executive sells over $232k in company stock,2024-03-20,,RMBS
Rambus CEO Luc Seraphin sells over $875k in company stock,2024-03-20,,RMBS
"Rosenblatt maintains buy rating, $85 PT on Rambus stock, cites growth potential",2024-03-13,,RMBS
Rambus Inc receives Investment Bank Analyst Rating Update,2024-03-13,,RMBS
Rambus launches $50 million accelerated share buyback,2024-03-01,,RMBS
Rambus Announces $50M Accelerated Share Buyback,2024-03-01,,RMBS
"Ford, Snap report; ESPN, Fox, Warner's sports streaming JV - what's moving markets",2024-02-07,,RMBS
Stock Market Today: S&P 500 ends just shy of record as earnings parade continues,2024-02-06,,RMBS
Rambus Inc receives Investment Bank Analyst Rating Update,2024-02-06,,RMBS
Earnings call: Rambus surpasses expectations in Q4 and full-year 2023 results,2024-02-06,,RMBS
Rambus Inc receives Investment Bank Analyst Rating Update,2024-01-03,,RMBS
Rambus gains on Wells Fargo comments,2023-12-21,,RMBS
Rambus Inc receives Investment Bank Analyst Rating Update,2023-12-14,,RMBS
Rambus Inc. faces potential volatility amid negative growth forecast,2023-11-09,,RMBS
Rambus Inc receives Investment Bank Analyst Rating Update,2023-10-31,,RMBS
"Earnings call: Rambus Reports Strong Q3 Results, Focuses on Data Center Market",2023-10-31,,RMBS
Rambus Boosts AI Performance with 9.6 Gbps HBM3 Memory Controller IP,2023-10-25,,RMBS
Rambus Inc receives Investment Bank Analyst Rating Update,2023-08-11,,RMBS
Rambus Initiates $100 Million Accelerated Share Repurchase Program,2023-08-11,,RMBS
Rambus Inc receives Investment Bank Analyst Rating Update,2023-08-01,,RMBS
Rambus Inc receives Investment Bank Analyst Rating Update,2023-08-01,,RMBS
Rambus Inc receives Investment Bank Analyst Rating Update,2023-07-21,,RMBS
Cadence Design Systems to Acquire Rambus PHY IP Assets,2023-07-20,,RMBS
Rambus Inc receives Investment Bank Analyst Rating Update,2023-06-29,,RMBS
Rambus Inc receives Investment Bank Analyst Rating Update,2023-06-05,,RMBS
4 big analyst picks: Rambus stock surges on Jefferies upgrade,2023-05-19,,RMBS
